DISTRICT,SCHOOL,SCHOOL.LEVEL..x,X2009.2010.OVERALL.GRADE,X2009.2010.ENVIRONMENT.GRADE,X2009.2010.PERFORMANCE.GRADE,X2009.2010.PROGRESS.GRADE,X2008.2009.PROGRESS.REPORT.GRADE,X2010.2011.OVERALL.GRADE,X2010.2011.ENVIRONMENT.GRADE,X2010.2011.PERFORMANCE.GRADE,X2010.2011.PROGRESS.GRADE,X2009.2010.PROGRESS.REPORT.GRADE,BOROUGH1,P.S. 137 John L. Bernstein,Elementary,C,B,D,F,A,F ,C ,D ,F ,C,Manhattan1,Earth School,Elementary,D,B,F,D,B,C ,A ,D ,D ,D,Manhattan1,Neighborhood School,Elementary,C,B,D,C,B,C ,C ,C ,D ,C,Manhattan1,East Side Community School,High School,A,A,A,B,A,A ,A ,A ,B ,A,Manhattan1,P.S. 188 The Island School,K-8,C,B,D,F,A,A ,C ,C ,A ,C,Manhattan1,Henry Street School for International Studies,Middle,C,D,D,C,B,C ,C ,D ,C ,C,Manhattan1,P.S. 184m Shuang Wen,K-8,A,A,A,A,A,A ,A ,A ,A ,A,Manhattan1,P.S. 034 Franklin D. Roosevelt,K-8,B,B,C,B,A,C ,B ,B ,C ,B,Manhattan1,P.S. 142 Amalia Castro,Elementary,B,A,C,B,A,C ,A ,C ,F ,B,Manhattan1,P.S. 110 Florence Nightingale,Elementary,D,C,C,D,B,C ,C ,B ,C ,D,Manhattan1,Henry Street School for International Studies,High School,D,F,C,F,B,C ,C ,D ,C ,C,Manhattan1,P.S. 063 William McKinley,Elementary,B,B,C,A,B,B ,B ,B ,B ,B,Manhattan1,East Side Community School,Middle,A,A,B,A,A,A ,A ,A ,B ,A,Manhattan1,P.S. 134 Henrietta Szold,Elementary,B,C,D,A,B,C ,C ,C ,C ,B,Manhattan1,"New Explorations into Science, Technology and Math",K-8,A,B,A,A,A,A ,B ,A ,A ,A,Manhattan1,Tompkins Square Middle School,Middle,A,A,A,A,A,B ,A ,B ,C ,A,Manhattan1,P.S. 064 Robert Simon,Elementary,C,A,D,D,A,C ,A ,D ,D ,C,Manhattan1,"Technology, Arts, and Sciences Studio",Middle,C,B,C,C,A,B ,B ,C ,B ,C,Manhattan1,P.S. 019 Asher Levy,Elementary,C,B,D,B,A,B ,B ,D ,A ,C,Manhattan1,University Neighborhood Middle School,Middle,B,B,C,B,A,C ,A ,D ,C ,B,Manhattan1,School for Global Leaders,Middle,B,A,B,B,,B ,B ,B ,B ,B,Manhattan1,P.S. 020 Anna Silver,Elementary,A,A,C,A,A,B ,B ,C ,B ,A,Manhattan1,The East Village Community School,Elementary,C,C,D,D,A,C ,A ,B ,C ,C,Manhattan1,"New Explorations into Science, Technology and Math",High School,B,C,A,B,A,A ,B ,A ,A ,A,Manhattan1,P.S. 015 Roberto Clemente,Elementary,C,B,D,B,B,C ,B ,D ,C ,C,Manhattan1,The Children's Workshop School,Elementary,C,B,F,B,B,B ,B ,D ,B ,C,Manhattan1,P.S. 140 Nathan Straus,K-8,B,A,C,B,A,D ,B ,D ,D ,B,Manhattan2,Ella Baker School,K-8,B,B,D,A,A,C ,B ,C ,C ,B,Manhattan2,P.S. 212 Midtown West,Elementary,A,A,B,B,A,B ,A ,A ,C ,A,Manhattan2,M.S. 255 Salk School of Science,Middle,B,A,B,C,B,A ,A ,A ,A ,B,Manhattan2,P.S. 011 William T. Harris,Elementary,A,A,A,A,A,A ,A ,B ,B ,A,Manhattan2,School of the Future High School,High School,A,B,A,B,A,A ,A ,A ,B ,B,Manhattan2,P.S. 033 Chelsea Prep,Elementary,A,A,A,B,A,B ,A ,B ,B ,A,Manhattan2,P.S. 006 Lillie D. Blake,Elementary,B,C,B,B,A,A ,C ,B ,A ,B,Manhattan2,P.S. 042 Benjamin Altman,Elementary,A,A,A,A,A,A ,A ,A ,A ,A,Manhattan2,P.S. 89,Elementary,B,B,C,B,A,B ,A ,B ,C ,B,Manhattan2,P.S. 126 Jacob August Riis,K-8,A,B,A,A,A,A ,C ,B ,A ,A,Manhattan2,P.S. 040 Augustus Saint-Gaudens,Elementary,A,A,B,A,A,A ,A ,B ,A ,A,Manhattan2,P.S. 158 Bayard Taylor,Elementary,A,D,A,A,A,B ,C ,A ,B ,A,Manhattan2,P.S. 116 Mary Lindley Murray,Elementary,B,B,B,C,A,C ,A ,B ,D ,B,Manhattan2,"Ballet Tech, NYC Public School for Dance",K-8,C,A,B,F,A,B ,A ,A ,B ,C,Manhattan2,Lower Manhattan Community Middle School,Middle,C,B,B,D,A,B ,A ,B ,C ,C,Manhattan2,Life Sciences Secondary School,High School,A,D,A,B,B,C ,C ,D ,C ,C,Manhattan2,P.S. 234 Independence School,Elementary,B,A,B,B,A,A ,A ,B ,B ,B,Manhattan2,School of the Future High School,Middle,B,B,B,C,A,A ,A ,A ,B ,B,Manhattan2,Professional Performing Arts High School,High School,A,B,A,A,A,B ,C ,A ,B ,A,Manhattan2,P.S. 041 Greenwich Village,Elementary,B,A,B,B,A,A ,A ,B ,B ,B,Manhattan2,Quest to Learn,Middle,,,,,,B ,B ,B ,C ,,Manhattan2,P.S. 77 Lower Lab School,Elementary,A,B,A,A,A,A ,A ,A ,A ,A,Manhattan2,M.S. 131,Middle,B,B,C,A,A,A ,A ,C ,A ,B,Manhattan2,P.S. 001 Alfred E. Smith,Elementary,B,C,C,C,B,B ,C ,C ,B ,B,Manhattan2,J.H.S. 104 Simon Baruch,Middle,B,B,B,B,A,B ,B ,B ,B ,B,Manhattan2,P.S. 051 Elias Howe,Elementary,B,A,B,B,A,B ,A ,B ,B ,B,Manhattan2,P.S. 059 Beekman Hill International,Elementary,B,A,C,C,A,A ,A ,B ,A ,B,Manhattan2,J.H.S. 167 Robert F. Wagner,Middle,B,B,B,B,A,A ,B ,B ,B ,B,Manhattan2,Professional Performing Arts High School,Middle,A,B,A,A,B,B ,C ,A ,B ,A,Manhattan2,P.S. 183 Robert L. Stevenson,Elementary,B,B,C,B,A,B ,B ,C ,C ,B,Manhattan2,Institute for Collaborative Education,High School,B,A,F,B,A,B ,A ,C ,C ,C,Manhattan2,East Side Middle School,Middle,A,A,A,A,A,A ,A ,A ,A ,A,Manhattan2,P.S. 003 Charrette School,Elementary,B,B,C,B,A,C ,A ,B ,F ,B,Manhattan2,M.S. 260 Clinton School Writers & Artists,Middle,A,A,A,A,A,B ,B ,A ,B ,A,Manhattan2,P.S. 130 Hernando De Soto,Elementary,A,A,A,A,A,A ,A ,A ,A ,A,Manhattan2,P.S./I.S. 217 Roosevelt Island,K-8,B,B,C,B,B,D ,C ,C ,D ,B,Manhattan2,I.S. 289,Middle,B,A,B,B,B,B ,A ,A ,B ,B,Manhattan2,Institute for Collaborative Education,Middle,C,A,F,F,B,B ,A ,C ,C ,C,Manhattan2,P.S. 124 Yung Wing,Elementary,A,B,A,A,A,A ,B ,A ,B ,A,Manhattan2,P.S. 198 Isador E. Ida Straus,Elementary,B,C,C,B,B,C ,F ,C ,C ,B,Manhattan2,P.S. 290 Manhattan New School,Elementary,A,A,B,A,A,A ,A ,A ,A ,A,Manhattan2,P.S. 002 Meyer London,Elementary,A,B,B,A,A,A ,A ,B ,A ,A,Manhattan2,P.S. 150,Elementary,B,A,C,B,A,C ,A ,B ,F ,B,Manhattan2,P.S. 111 Adolph S. Ochs,K-8,B,C,D,A,A,C ,C ,D ,C ,B,Manhattan2,Life Sciences Secondary School,Middle,C,D,D,C,B,C ,C ,D ,C ,C,Manhattan3,Frederick Douglass Academy II Secondary School,High School,C,C,A,D,C,F ,F ,F ,F ,C,Manhattan3,P.S. 208 Alain L. Locke,Elementary,C,A,D,C,A,D ,B ,D ,F ,C,Manhattan3,WEST PREP ACADEMY,Middle,,,,,,C ,D ,D ,C ,,Manhattan3,Community Action School - MS 258,Middle,A,A,B,A,A,A ,A ,B ,B ,A,Manhattan3,"P.S. 145, The Bloomingdale School",Elementary,B,D,D,A,A,C ,C ,D ,B ,B,Manhattan3,P.S. 241 Family Academy,K-8,C,B,F,B,A,B ,A ,D ,B ,C,Manhattan3,P.S. 009 Sarah Anderson,Elementary,B,A,A,B,A,A ,A ,A ,B ,B,Manhattan3,M.S. 256 Academic & Athletic Excellence,Middle,C,B,D,C,A,B ,B ,D ,B ,C,Manhattan3,Frederick Douglass Academy II Secondary School,Middle,C,D,D,F,A,F ,F ,F ,F ,C,Manhattan3,J.H.S. 054 Booker T. Washington,Middle,B,B,B,B,A,B ,B ,B ,B ,B,Manhattan3,P.S. 185 John M. Langston,K-2,C,A,F,F,,C ,B ,C ,C ,C,Manhattan3,P.S. 199 Jessie Isador Straus,Elementary,A,B,B,A,A,A ,B ,A ,A ,A,Manhattan3,P.S. 191 Amsterdam,K-8,C,C,F,C,A,C ,D ,D ,C ,C,Manhattan3,P.S. 084 Lillian Weber,Elementary,C,D,F,C,A,F ,D ,D ,F ,C,Manhattan3,P.S. 149 Sojourner Truth,K-8,B,B,D,B,A,C ,C ,D ,C ,B,Manhattan3,J.H.S. M044 William J. O'Shea,Middle,,,,,,,,,,,Manhattan3,M.S. M245 The Computer School,Middle,B,A,C,C,A,B ,A ,B ,C ,B,Manhattan3,M.S. M247 Dual Language Middle School,Middle,A,A,B,A,A,A ,A ,B ,A ,A,Manhattan3,P.S. 076 A. Philip Randolph,Elementary,C,D,F,C,A,B ,A ,C ,B ,C,Manhattan3,M.S. 250 West Side Collaborative Middle School,Middle,A,A,B,A,A,B ,A ,B ,C ,A,Manhattan3,P.S. 087 William Sherman,Elementary,B,C,C,B,A,B ,D ,B ,C ,B,Manhattan3,Mott Hall II,Middle,A,A,B,A,A,A ,A ,A ,A ,A,Manhattan3,P.S. 333 Manhattan School for Children,K-8,C,B,F,D,B,B ,B ,C ,C ,C,Manhattan3,P.S. 075 Emily Dickinson,Elementary,C,C,D,B,A,C ,B ,C ,C ,C,Manhattan3,The Anderson School,K-8,A,A,A,A,A,A ,A ,A ,A ,A,Manhattan3,P.S. 165 Robert E. Simon,K-8,B,B,D,B,A,A ,A ,C ,A ,B,Manhattan3,P.S. 180 Hugo Newman,K-8,C,A,C,D,A,B ,A ,C ,B ,C,Manhattan3,M.S. 243 Center School,Middle,B,A,B,C,A,B ,A ,A ,D ,B,Manhattan3,Special Music School,K-8,A,B,A,A,,A ,B ,A ,A ,A,Manhattan3,P.S. 163 Alfred E. Smith,Elementary,C,B,C,C,A,C ,B ,B ,F ,C,Manhattan4,GLOBAL TECHNOLOGY PREPARATORY,Middle,,,,,,A ,A ,B ,A ,,Manhattan4,Tag Young Scholars,K-8,A,A,A,B,A,B ,A ,A ,B ,A,Manhattan4,Central Park East II,Elementary,B,A,D,B,A,A ,A ,C ,A ,B,Manhattan4,River East Elementary,Elementary,B,A,C,A,A,C ,A ,C ,C ,B,Manhattan4,P.S. 083 Luis Munoz Rivera,Elementary,A,A,A,A,A,A ,A ,A ,A ,A,Manhattan4,J.H.S. 013 Jackie Robinson,Middle,C,D,D,D,A,C ,D ,D ,C ,C,Manhattan4,P.S. 102 Jacques Cartier,Elementary,A,A,B,A,B,B ,A ,C ,C ,A,Manhattan4,P.S. 050 Vito Marcantonio,K-8,C,C,D,D,A,C ,D ,D ,C ,C,Manhattan4,Central Park East I,Elementary,C,A,F,F,A,C ,A ,C ,D ,C,Manhattan4,P.S. 155 William Paca,Elementary,B,A,D,B,A,B ,B ,D ,B ,B,Manhattan4,P.S. 38 Roberto Clemente,Elementary,C,C,D,C,A,B ,D ,D ,A ,C,Manhattan4,P.S. 206 Jose Celso Barbosa,Elementary,C,B,C,C,A,D ,B ,B ,F ,C,Manhattan4,P.S. 171 Patrick Henry,K-8,A,A,A,A,A,B ,A ,B ,C ,A,Manhattan4,Young Women's Leadership School,Middle,C,A,D,F,B,B ,A ,C ,C ,C,Manhattan4,Mosaic Preparatory Academy,Elementary,B,B,F,A,,D ,A ,D ,F ,B,Manhattan4,The Bilingual Bicultural School,Elementary,A,A,A,A,A,B ,A ,B ,C ,A,Manhattan4,P.S. 146 Ann M. Short,Elementary,C,C,F,D,A,A ,C ,D ,A ,C,Manhattan4,The Lexington Academy,Elementary,A,A,C,B,A,D ,A ,C ,F ,A,Manhattan4,Isaac Newton Middle School for Math & Science,Middle,C,B,D,F,A,D ,B ,D ,D ,C,Manhattan4,Global Neighborhood Secondary School,Middle,C,B,F,B,,B ,B ,D ,B ,C,Manhattan4,P.S. 007 Samuel Stern,K-8,A,B,C,A,A,C ,C ,C ,C ,A,Manhattan4,P.S. 096 Joseph Lanzetta,K-8,C,D,D,C,A,B ,C ,D ,B ,C,Manhattan4,P.S. 112 Jose Celso Barbosa,K-2,B,A,B,A,,A ,A ,B ,B ,B,Manhattan4,James Weldon Johnson,K-8,A,A,A,A,A,A ,A ,A ,B ,A,Manhattan4,Renaissance School of the Arts,Middle,A,B,C,A,,D ,B ,D ,F ,A,Manhattan4,ESPERANZA PREPARATORY ACADEMY,Middle,A,A,D,A,,A ,A ,C ,A ,A,Manhattan4,Young Women's Leadership School,High School,A,A,A,B,A,B ,A ,C ,C ,C,Manhattan4,M.S. 45/S.T.A.R.S. Prep Academy,Middle,C,B,F,C,B,C ,C ,D ,C ,C,Manhattan5,Academy of Collaborative Education,Middle,F,D,F,F,D,,,,,F,Manhattan5,P.S. 092 Mary McLeod Bethune,Elementary,B,A,D,C,B,B ,B ,C ,B ,B,Manhattan5,Kappa II,Middle,D,D,D,D,D,,,,,D,Manhattan5,P.S. 046 Arthur Tappan,Elementary,C,B,C,C,A,B ,A ,C ,B ,C,Manhattan5,P.S. 036 Margaret Douglas,K-3,B,B,D,B,,C ,C ,D ,C ,B,Manhattan5,Frederick Douglass Academy,High School,D,F,D,F,C,B ,D ,C ,B ,C,Manhattan5,Columbia Secondary School,Middle,C,C,B,F,A,A ,B ,A ,A ,C,Manhattan5,P.S. 030 Hernandez/Hughes,Elementary,A,A,C,A,A,D ,C ,F ,D ,A,Manhattan5,I.S. 195 Roberto Clemente,Middle,D,D,D,D,B,,,,,D,Manhattan5,Academy for Social Action: A College Board School,High School,,,,,,D ,D ,D ,F ,B,Manhattan5,P.S. 197 John B. Russwurm,Elementary,B,A,C,B,A,F ,B ,D ,F ,B,Manhattan5,Choir Academy of Harlem,Middle,C,C,D,C,A,B ,B ,C ,B ,C,Manhattan5,P.S. 154 Harriet Tubman,Elementary,C,B,D,C,A,D ,B ,D ,D ,C,Manhattan5,THE URBAN ASSEMBLY INSTITUTE FOR NEW TECHNOLOGIES,Middle,,,,,,B ,B ,C ,B ,,Manhattan5,P.S. 194 Countee Cullen,Elementary,C,D,F,B,A,D ,F ,F ,C ,C,Manhattan5,KAPPA IV,Middle,B,A,C,B,A,A ,A ,B ,B ,B,Manhattan5,Academy for Social Action: A College Board School,Middle,B,B,D,B,C,D ,D ,D ,F ,B,Manhattan5,Choir Academy of Harlem,High School,B,C,C,A,D,B ,B ,C ,B ,C,Manhattan5,P.S. 175 Henry H Garnet,Elementary,B,B,C,A,C,B ,C ,C ,B ,B,Manhattan5,Frederick Douglass Academy,Middle,C,F,C,B,A,B ,D ,C ,B ,C,Manhattan5,Thurgood Marshall Academy Lower School,Elementary,C,A,D,C,B,B ,B ,C ,A ,C,Manhattan5,P.S. 123 Mahalia Jackson,K-8,C,B,D,D,A,D ,C ,F ,C ,C,Manhattan5,P.S. 125 Ralph Bunche,Elementary,B,C,F,B,A,C ,C ,D ,C ,B,Manhattan5,P.S. 161 Pedro Albizu Campos,K-8,B,A,C,B,A,B ,A ,C ,C ,B,Manhattan5,I.S. M286 Renaissance Military Leadership Academy,Middle,C,A,D,D,A,C ,A ,C ,C ,C,Manhattan5,P.S. 133 Fred R Moore,Elementary,C,D,F,B,A,C ,F ,D ,C ,C,Manhattan5,P.S. 200- The James Mccune Smith School,Elementary,B,D,D,B,A,C ,C ,C ,C ,B,Manhattan5,P.S. 129 John H. Finley,K-8,B,B,D,B,A,C ,B ,C ,C ,B,Manhattan6,P.S. 128 Audubon,Elementary,B,A,D,B,A,B ,A ,C ,C ,B,Manhattan6,P.S. 004 Duke Ellington,Elementary,B,B,D,B,A,B ,B ,D ,B ,B,Manhattan6,M.S. 319 - Maria Teresa,Middle,A,A,C,A,A,A ,A ,B ,A ,A,Manhattan6,Washington Heights Expeditionary Learning School,Middle,B,A,C,B,A,A ,A ,B ,A ,B,Manhattan6,P.S. 153 Adam Clayton Powell,Elementary,A,A,B,A,A,A ,A ,B ,A ,A,Manhattan6,Washington Heights Expeditionary Learning School,High School,,,,,,A ,A ,B ,A ,B,Manhattan6,P.S. 115 Alexander Humboldt,Elementary,C,B,D,F,A,C ,C ,D ,C ,C,Manhattan6,Professor Juan Bosch Public School,K-2,B,A,B,B,,B ,A ,C ,C ,B,Manhattan6,P.S. 325,Elementary,C,B,D,F,A,C ,A ,C ,C ,C,Manhattan6,Harbor Heights,Middle,A,A,D,A,A,A ,A ,D ,A ,A,Manhattan6,Community Health Academy of the Heights,High School,,,,,,C ,C ,D ,B ,C,Manhattan6,City College Academy of the Arts,Middle,A,A,B,A,A,A ,A ,B ,A ,A,Manhattan6,Muscota,Elementary,B,F,F,A,A,C ,B ,D ,C ,B,Manhattan6,P.S. 132 Juan Pablo Duarte,Elementary,B,B,D,B,A,D ,B ,D ,F ,B,Manhattan6,P.S. 152 Dyckman Valley,Elementary,B,D,C,B,A,C ,D ,C ,C ,B,Manhattan6,P.S. 173,Elementary,B,D,C,A,A,B ,C ,C ,A ,B,Manhattan6,M.S. 326 - Writers Today & Leaders Tomorrow,Middle,A,A,C,A,A,A ,A ,C ,A ,A,Manhattan6,P.S. 008 Luis Belliard,Elementary,A,A,D,A,A,B ,A ,C ,B ,A,Manhattan6,Washington Heights Academy,Elementary,B,B,C,B,F,B ,D ,C ,B ,B,Manhattan6,M.S. 321 - Minerva,Middle,,,,,,,,,,,Manhattan6,P.S. 005 Ellen Lurie,Elementary,B,B,C,A,A,C ,B ,C ,B ,B,Manhattan6,P.S. 048 P.O. Michael J. Buczek,Elementary,B,A,C,B,A,A ,A ,B ,A ,B,Manhattan6,M.S. 324 - Patria Mirabal,Middle,A,A,C,A,A,A ,A ,B ,A ,A,Manhattan6,Hamilton Heights School,Elementary,C,B,F,C,A,A ,A ,C ,A ,C,Manhattan6,Paula Hedbavny School,K-8,B,A,C,B,A,A ,A ,B ,A ,B,Manhattan6,P.S./I.S. 187 Hudson Cliffs,K-8,A,A,C,A,A,B ,B ,C ,B ,A,Manhattan6,P.S. 192 Jacob H. Schiff,Elementary,C,B,D,B,A,B ,A ,C ,B ,C,Manhattan6,P.S. 098 Shorac Kappock,Elementary,B,C,D,B,A,C ,B ,D ,C ,B,Manhattan6,Community Health Academy of the Heights,Middle,C,C,D,C,A,C ,C ,D ,B ,C,Manhattan6,J.H.S. 052 Inwood,Middle,A,A,C,A,A,B ,A ,C ,B ,A,Manhattan6,J.H.S. 143 Eleanor Roosevelt,Middle,B,B,D,B,A,B ,B ,C ,B ,B,Manhattan6,City College Academy of the Arts,High School,,,,,,A ,A ,B ,A ,A,Manhattan6,P.S. 189,Elementary,A,A,C,A,A,A ,A ,C ,B ,A,Manhattan6,P.S. 018 Park Terrace,K-8,B,A,C,B,A,A ,A ,C ,B ,B,Manhattan6,P.S. 028 Wright Brothers,Elementary,A,A,C,A,A,B ,A ,C ,B ,A,Manhattan6,Amistad Dual Language School,K-8,A,A,B,A,A,A ,A ,B ,B ,A,Manhattan6,I.S. 528 Bea Fuller Rodgers School,Middle,C,B,D,D,A,D ,A ,D ,D ,C,Manhattan6,Middle School 322,Middle,B,B,C,B,A,C ,B ,D ,C ,B,Manhattan6,The Mott Hall School,Middle,A,B,A,A,A,B ,B ,A ,B ,A,Manhattan6,I.S. 218 Salome Urena,Middle,B,C,D,A,A,C ,B ,D ,B ,B,Manhattan7,P.S. 001 Courtlandt School,Elementary,C,B,F,D,A,D ,C ,D ,D ,C,Bronx7,J.H.S. 162 Lola Rodriguez De Tio,Middle,B,D,D,B,A,C ,D ,C ,C ,B,Bronx7,J.H.S. 151 Lou Gehrig,Middle,A,B,D,A,A,A ,A ,D ,A ,A,Bronx7,P.S. 161 Ponce De Leon,Elementary,C,B,D,B,A,B ,B ,D ,B ,C,Bronx7,P.S. 179,Elementary,C,A,D,D,A,F ,B ,D ,F ,C,Bronx7,South Bronx Preparatory: A College Board School,Middle,C,C,D,D,A,C ,B ,D ,C ,C,Bronx7,Performance School,Elementary,C,F,F,B,,C ,C ,F ,C ,C,Bronx7,P.S. 018 John Peter Zenger,Elementary,C,F,D,C,A,A ,F ,C ,A ,C,Bronx7,Young Leaders Elementary School,Elementary,D,D,F,C,,D ,B ,F ,D ,D,Bronx7,P.S. 049 Willis Avenue,Elementary,C,B,C,C,A,B ,B ,C ,B ,C,Bronx7,P.S. 043 Jonas Bronck,Elementary,A,A,C,A,A,A ,B ,C ,A ,A,Bronx7,Bronx Academy of Letters,Middle,B,A,C,B,A,C ,B ,C ,C ,B,Bronx7,Hostos-Lincoln Academy of Science,Middle,A,B,B,A,A,C ,B ,C ,C ,A,Bronx7,P.S./M.S. 031 The William Lloyd Garrison,K-8,C,B,D,C,A,C ,B ,C ,C ,C,Bronx7,P.S. 157 Grove Hill,Elementary,B,C,C,A,A,C ,C ,C ,C ,B,Bronx7,P.S. 005 Port Morris,Elementary,C,A,C,C,A,B ,A ,C ,B ,C,Bronx7,South Bronx Preparatory: A College Board School,High School,A,B,A,A,A,C ,B ,D ,C ,C,Bronx7,Academy of Public Relations,Middle,A,B,D,A,A,A ,B ,C ,A ,A,Bronx7,P.S. 025 Bilingual School,Elementary,A,A,B,A,A,B ,A ,B ,B ,A,Bronx7,P.S. / I.S. 224,Middle,B,B,D,A,A,D ,F ,F ,C ,B,Bronx7,Academy of Applied Mathematics and Technology,Middle,A,A,C,A,A,A ,A ,C ,B ,A,Bronx7,P.S. 277,Elementary,C,B,F,D,A,F ,A ,D ,F ,C,Bronx7,P.S. 065 Mother Hale Academy,Elementary,C,F,D,B,B,B ,C ,D ,B ,C,Bronx7,Hostos-Lincoln Academy of Science,High School,B,C,A,C,B,C ,B ,C ,C ,A,Bronx7,P.S. 154 Jonathan D. Hyatt,Elementary,C,C,D,C,A,C ,D ,D ,C ,C,Bronx7,P.S. 030 Wilton,Elementary,A,A,D,A,A,A ,B ,C ,A ,A,Bronx7,South Bronx Academy for Applied Media,Middle,A,A,D,A,A,A ,A ,C ,A ,A,Bronx7,M.S. 203,Middle,C,B,F,C,A,C ,C ,F ,C ,C,Bronx7,Bronx Academy of Letters,High School,A,A,A,A,A,C ,B ,C ,C ,B,Bronx7,P.S./M.S. 029 Melrose School,K-8,C,C,D,B,B,D ,C ,D ,D ,C,Bronx8,P.S. X014 Senator John Calandra,Elementary,C,D,D,D,A,D ,C ,D ,F ,C,Bronx8,P.S. 304 Early Childhood School,Elementary,B,A,B,B,A,B ,A ,B ,C ,B,Bronx8,The Academy of the Arts,Elementary,B,A,C,B,A,B ,B ,C ,B ,B,Bronx8,P.S. 036 Unionport,Elementary,B,A,B,B,A,B ,A ,C ,C ,B,Bronx8,P.S. 069 The New Vision School,Elementary,A,B,B,A,A,A ,A ,A ,A ,A,Bronx8,P.S. 138 Samuel Randall,Elementary,C,B,D,F,A,C ,B ,C ,C ,C,Bronx8,P.S. 062 Inocensio Casanova,Elementary,B,B,D,B,A,A ,C ,C ,A ,B,Bronx8,P.S. 119,Elementary,C,D,D,B,A,B ,C ,C ,B ,C,Bronx8,P.S. 146 Edward Collins,Elementary,C,D,D,D,A,B ,A ,C ,C ,C,Bronx8,P.S. X140 The Eagle School,Elementary,C,C,D,F,A,C ,C ,C ,C ,C,Bronx8,P.S. 100 Isaac Clason,Elementary,C,B,C,C,B,B ,C ,C ,B ,C,Bronx8,P.S. 071 Rose E. Scala,K-8,C,D,C,B,A,C ,C ,C ,C ,C,Bronx8,P.S. 048 Joseph R. Drake,Elementary,B,B,C,A,A,A ,C ,C ,A ,B,Bronx8,The Hunts Point School,Middle,B,B,C,B,,C ,C ,C ,C ,B,Bronx8,SOUNDVIEW ACADEMY FOR CULTURE AND SCHOLARSHIP,Middle,,,,,,D ,C ,D ,D ,,Bronx8,J.H.S. 125 Henry Hudson,Middle,B,C,C,B,B,C ,C ,D ,C ,B,Bronx8,P.S. 130 Abram Stevens Hewitt,Elementary,C,B,D,C,B,C ,B ,D ,C ,C,Bronx8,P.S. 093 Albert G. Oliver,Elementary,B,B,C,A,A,A ,B ,C ,A ,B,Bronx8,P.S. 072 Dr. William Dorney,Elementary,C,C,D,D,A,C ,B ,D ,C ,C,Bronx8,The Bronx Mathematics Preparatory School,Middle,C,F,D,C,A,C ,C ,D ,D ,C,Bronx8,Bronx Studio School for Writers and Artists,High School,,,,,,C ,C ,C ,C ,C,Bronx8,J.H.S. 123 James M. Kieran,Middle,A,B,C,A,A,B ,C ,C ,B ,A,Bronx8,MOTT HALL COMMUNITY SCHOOL,Middle,,,,,,B ,A ,C ,B ,,Bronx8,Urban Assembly Academy of Civic Engagement,Middle,C,D,F,F,A,C ,C ,C ,D ,C,Bronx8,M.S. 302 Luisa Dessus Cruz,Middle,A,A,C,A,A,A ,B ,B ,A ,A,Bronx8,P.S. 107,Elementary,D,C,F,F,B,C ,D ,F ,B ,D,Bronx8,M.S. X101 Edward R. Byrne,Middle,C,B,C,C,C,B ,B ,C ,C ,C,Bronx8,J.H.S. 131 Albert Einstein,Middle,C,C,D,B,B,C ,C ,D ,C ,C,Bronx8,The School for Inquiry and Social Justice,Middle,A,B,B,A,A,A ,B ,B ,A ,A,Bronx8,Bronx Studio School for Writers and Artists,Middle,C,C,C,D,A,C ,C ,C ,C ,C,Bronx8,P.S. 333 - The Museum School,K-3,C,B,D,C,,C ,B ,C ,D ,C,Bronx8,M.S. 301 Paul L. Dunbar,Middle,C,B,D,B,B,C ,C ,D ,C ,C,Bronx8,P.S. 182,Elementary,B,B,C,B,A,B ,B ,C ,C ,B,Bronx8,P.S. 075,Elementary,B,B,C,A,A,A ,C ,C ,A ,B,Bronx8,P.S. 152 Evergreen,Elementary,A,B,C,A,A,A ,B ,B ,A ,A,Bronx8,Urban Institute of Mathematics,Middle,B,B,B,B,A,B ,B ,B ,B ,B,Bronx9,P.S. X114 - Luis Llorens Torres Schools,Elementary,B,B,D,B,A,F ,B ,D ,F ,B,Bronx9,P.S. 035 Franz Siegel,Elementary,C,B,C,C,A,B ,B ,B ,C ,C,Bronx9,I.S. 232,Middle,A,B,D,A,A,A ,B ,C ,A ,A,Bronx9,P.S. 063 Author's Academy,Elementary,B,B,B,C,A,C ,B ,A ,D ,B,Bronx9,P.S. 064 Pura Belpre,Elementary,C,B,D,B,A,D ,B ,D ,F ,C,Bronx9,P.S. 110 Theodore Schoenfeld,Elementary,B,A,C,B,A,B ,B ,B ,C ,B,Bronx9,P.S. 053 Basheer Quisim,Elementary,C,B,C,F,A,B ,C ,B ,B ,C,Bronx9,P.S. 028 Mount Hope,Elementary,B,B,C,B,A,B ,A ,C ,C ,B,Bronx9,J.H.S. 145 Arturo Toscanini,Middle,B,A,D,B,A,B ,A ,D ,B ,B,Bronx9,Mott Hall III,Middle,A,B,C,A,A,A ,B ,B ,A ,A,Bronx9,J.H.S. 022 Jordan L. Mott,Middle,C,B,F,B,A,C ,B ,F ,C ,C,Bronx9,I.S. 313 School of Leadership Development,Middle,B,B,D,B,A,C ,C ,D ,C ,B,Bronx9,New Millennium Business Academy Middle School,Middle,C,C,D,B,A,D ,C ,D ,F ,C,Bronx9,P.S./M.S. 004 Crotona Park West,K-8,B,A,C,B,A,C ,B ,C ,C ,B,Bronx9,I.S. 229 Roland Patterson,Middle,B,C,C,A,A,B ,C ,D ,A ,B,Bronx9,P.S. 055 Benjamin Franklin,Elementary,C,C,D,C,A,B ,C ,D ,B ,C,Bronx9,P.S. 042 Claremont,Elementary,A,B,C,A,A,C ,B ,C ,D ,A,Bronx9,P.S. 132 Garret A. Morgan,Elementary,B,B,F,B,B,C ,C ,D ,B ,B,Bronx9,P.S. X088 - S. Silverstein Little Sparrow School,K-3,B,A,B,A,,B ,B ,A ,B ,B,Bronx9,Frederick Douglass Academy III Secondary School,High School,B,B,A,C,B,,,,,C,Bronx9,I.S. X303 Leadership & Community Service,Middle,C,B,F,B,B,C ,A ,F ,C ,C,Bronx9,J.H.S. 166 Roberto Clemente,Middle,,,,,,,,,,,Bronx9,Bronx High School for Medical Science,Middle,B,B,C,B,A,B ,A ,C ,C ,B,Bronx9,P.S. 163 Arthur A. Schomburg,Elementary,C,D,C,C,A,C ,C ,C ,C ,C,Bronx9,"Bronx School for Law, Government and Justice",Middle,C,B,C,B,B,C ,B ,C ,C ,C,Bronx9,Comprehensive Model School Project M.S. 327,Middle,A,A,B,A,A,B ,B ,B ,B ,A,Bronx9,P.S. 230 Dr Roland N. Patterson,Elementary,C,C,D,C,A,C ,D ,D ,C ,C,Bronx9,I.S. 339,Middle,B,C,D,B,A,D ,C ,D ,D ,B,Bronx9,P.S. 109 Sedgwick,Elementary,A,A,B,A,A,B ,A ,B ,C ,A,Bronx9,P.S. 126 Dr Marjorie H Dunbar,Elementary,B,C,D,B,A,A ,D ,C ,A ,B,Bronx9,P.S. 236 Langston Hughes,K-2,B,A,C,B,,C ,B ,C ,C ,B,Bronx9,P.S. 011 Highbridge,Elementary,B,F,D,A,A,D ,D ,D ,D ,B,Bronx9,Bronx Writing Academy,Middle,A,D,C,A,B,C ,C ,D ,C ,A,Bronx9,P.S. 090 George Meany,Elementary,,,,,,,,,,,Bronx9,P.S. 002 Morrisania,Elementary,,,,,,,,,,,Bronx9,P.S. 058,Elementary,C,D,D,B,C,D ,F ,D ,C ,C,Bronx9,P.S. 070 Max Schoenfeld,Elementary,C,C,F,C,A,C ,C ,D ,C ,C,Bronx9,Frederick Douglass Academy III Secondary School,Middle,C,C,F,C,C,,,,,C,Bronx9,I.S. 219 New Venture School,Middle,B,C,D,B,A,C ,C ,D ,C ,B,Bronx9,Urban Science Academy,Middle,B,C,D,B,A,C ,C ,D ,C ,B,Bronx9,P.S. 170,K-2,B,A,B,B,,B ,A ,B ,C ,B,Bronx9,P.S. 073 Bronx,Elementary,B,B,F,B,A,A ,B ,D ,A ,B,Bronx9,Kappa,Middle,B,B,C,B,A,B ,A ,C ,B ,B,Bronx9,P.S. 199X - The Shakespeare School,Elementary,A,B,B,B,A,A ,B ,B ,A ,A,Bronx9,P.S. 204 Morris Heights,Elementary,A,A,A,A,A,B ,A ,B ,D ,A,Bronx9,"Bronx School for Law, Government and Justice",High School,B,B,B,B,B,C ,B ,C ,C ,C,Bronx9,I.S. 117 Joseph H. Wade,Middle,B,C,C,A,A,C ,B ,D ,B ,B,Bronx9,Bronx High School for Medical Science,High School,B,B,A,B,A,B ,A ,C ,C ,B,Bronx9,SCIENCE AND TECHNOLOGY ACADEMY: A MOTT HALL SCHOOL,Middle,,,,,,A ,A ,C ,A ,,Bronx10,P.S. 9 Ryer Avenue Elementary School,Elementary,C,D,D,D,A,C ,C ,C ,C ,C,Bronx10,P.S. 226,Elementary,D,B,C,F,B,C ,B ,D ,B ,D,Bronx10,Thomas C. Giordano Middle School 45,Middle,C,C,C,C,A,C ,C ,C ,C ,C,Bronx10,P.S. 046 Edgar Allan Poe,Elementary,C,B,D,B,A,C ,C ,D ,C ,C,Bronx10,P.S. / I.S. 54,Elementary,C,D,D,C,A,D ,F ,D ,D ,C,Bronx10,P.S. 079 Creston,Elementary,,,,,,,,,,,Bronx10,P.S./M.S. 280 Mosholu Parkway,K-8,A,A,B,A,A,B ,A ,B ,C ,A,Bronx10,P.S. 3 Raul Julia Micro Society,K-8,A,C,C,A,A,B ,D ,C ,B ,A,Bronx10,The New School for Leadership and Journalism,Middle,B,B,C,A,A,A ,A ,B ,A ,B,Bronx10,P.S. 094 Kings College School,Elementary,C,D,D,B,A,C ,C ,D ,B ,C,Bronx10,P.S. 20 P.O.George J. Werdan III,K-8,B,B,C,B,A,C ,B ,C ,C ,B,Bronx10,P.S. 205 Fiorello Laguardia,Elementary,A,A,B,B,A,B ,A ,B ,C ,A,Bronx10,P.S. X307 - Eames Place,Elementary,A,A,A,A,A,A ,A ,A ,B ,A,Bronx10,P.S. 007 Kingsbridge,Elementary,C,B,D,C,A,A ,A ,C ,A ,C,Bronx10,International School for Liberal Arts,High School,B,A,F,B,A,A ,A ,D ,A ,B,Bronx10,I.S. 254,Middle,A,C,C,A,A,C ,C ,C ,C ,A,Bronx10,CRESTON ACADEMY,Middle,,,,,,C ,A ,C ,C ,,Bronx10,P.S. 059 The Community School of Technology,Elementary,B,B,D,B,A,B ,B ,C ,C ,B,Bronx10,Theatre Arts Production Company School,High School,A,A,A,A,A,C ,B ,C ,C ,B,Bronx10,P.S. 207,K-2,C,A,F,B,,C ,B ,B ,C ,C,Bronx10,P.S. X037 - Multiple Intelligence School,K-8,B,C,C,B,A,C ,C ,C ,C ,B,Bronx10,P.S. 396,Elementary,B,A,B,B,A,B ,B ,B ,C ,B,Bronx10,Jonas Bronck Academy,Middle,A,A,B,A,A,B ,A ,B ,C ,A,Bronx10,P.S. 159 Luis Munoz Marin Biling,Elementary,B,A,B,B,A,C ,A ,C ,D ,B,Bronx10,P.S. 023 The New Children's School,K-2,C,A,F,B,,B ,B ,C ,B ,C,Bronx10,P.S. 246 Poe Center,Elementary,C,B,D,B,A,B ,B ,C ,B ,C,Bronx10,P.S. 306,Elementary,C,B,F,F,A,D ,C ,D ,D ,C,Bronx10,In-Tech Academy (M.S. / High School 368),High School,B,B,F,B,C,B ,B ,C ,B ,B,Bronx10,"P.S. 279 Captain Manuel Rivera, Jr.",K-8,B,B,D,B,A,B ,A ,C ,B ,B,Bronx10,P.S. 024 Spuyten Duyvil,Elementary,C,F,C,B,A,B ,D ,C ,B ,C,Bronx10,The Angelo Patri Middle School,Middle,B,B,D,B,A,C ,B ,D ,B ,B,Bronx10,P.S. 051 Bronx New School,Elementary,B,A,C,B,A,A ,A ,C ,A ,B,Bronx10,P.S. 315 Lab School,K-8,A,A,B,A,A,A ,A ,A ,B ,A,Bronx10,J.H.S. 118 William W. Niles,Middle,C,D,D,B,A,C ,C ,C ,C ,C,Bronx10,P.S. 340,Elementary,B,A,C,B,A,C ,A ,C ,D ,B,Bronx10,West Bronx Academy for the Future,Middle,C,A,C,D,A,C ,A ,C ,C ,C,Bronx10,P.S. 085 Great Expectations,Elementary,C,C,D,B,A,C ,C ,D ,C ,C,Bronx10,P.S. 033 Timothy Dwight,Elementary,A,B,C,A,A,C ,B ,C ,C ,A,Bronx10,P.S. 360,Elementary,B,B,D,B,A,C ,C ,C ,C ,B,Bronx10,P.S. 209,K-2,A,A,B,B,,B ,A ,B ,B ,A,Bronx10,M.S. 390,Middle,C,B,D,C,A,B ,A ,C ,B ,C,Bronx10,P.S. 091 Bronx,Elementary,B,C,C,A,A,C ,F ,C ,B ,B,Bronx10,Ampark Neighborhood,Elementary,,,,,,C ,C ,C ,F ,,Bronx10,Theatre Arts Production Company School,Middle,B,A,C,C,A,C ,B ,C ,C ,B,Bronx10,P.S. 291,Elementary,B,A,B,B,A,B ,A ,B ,C ,B,Bronx10,EAST FORDHAM ACADEMY FOR THE ARTS,Middle,,,,,,A ,B ,C ,A ,,Bronx10,School for Environmental Citizenship,K-3,F,B,F,F,,F ,B ,D ,F ,F,Bronx10,M.S. 399,Middle,,,,,,,,,,,Bronx10,International School for Liberal Arts,Middle,B,A,F,B,A,A ,A ,D ,A ,B,Bronx10,I.S. 206 Ann Mersereau,Middle,B,B,C,B,A,C ,B ,C ,C ,B,Bronx10,P.S. 095 Sheila Mencher,K-8,B,D,C,B,A,C ,F ,C ,C ,B,Bronx10,P.S. X015 Institute for Environmental Learning,K-8,A,A,B,A,A,A ,A ,A ,B ,A,Bronx10,P.S. 310 Marble Hill,Elementary,A,B,C,A,A,D ,B ,C ,D ,A,Bronx10,J.H.S. 080 The Mosholu Parkway,Middle,B,C,D,B,A,C ,D ,D ,C ,B,Bronx10,Bronx Dance Academy School,Middle,B,C,C,B,A,B ,A ,C ,B ,B,Bronx10,P.S. 056 Norwood Heights,Elementary,A,A,C,A,A,A ,A ,C ,A ,A,Bronx10,In-Tech Academy (M.S. / High School 368),Middle,B,A,C,B,A,B ,B ,C ,B ,B,Bronx10,P.S. 032 Belmont,Elementary,A,A,A,A,A,B ,A ,A ,F ,A,Bronx10,P.S. 008 Issac Varian,Elementary,B,C,C,A,A,B ,C ,C ,B ,B,Bronx10,P.S. 086 Kingsbridge Heights,Elementary,A,A,C,A,A,A ,A ,B ,B ,A,Bronx10,West Bronx Academy for the Future,High School,C,B,F,C,B,C ,A ,C ,C ,C,Bronx10,P.S. 081 Robert J. Christen,Elementary,C,B,C,D,A,C ,B ,C ,C ,C,Bronx11,M.S. 180 Dr. Daniel Hale Williams,Middle,B,B,C,B,A,C ,A ,C ,C ,B,Bronx11,P.S. 106 Parkchester,Elementary,B,A,C,B,A,B ,B ,C ,B ,B,Bronx11,Aspire Preparatory Middle School,Middle,C,D,D,C,B,F ,F ,D ,F ,C,Bronx11,P.S. 083 Donald Hertz,K-8,C,A,C,C,A,B ,B ,C ,B ,C,Bronx11,P.S. 068 Bronx,Elementary,B,A,C,C,A,B ,C ,C ,B ,B,Bronx11,P.S. 160 Walt Disney,Elementary,C,B,D,B,A,C ,C ,C ,B ,C,Bronx11,P.S. 089 Bronx,K-8,C,F,D,B,A,C ,D ,D ,B ,C,Bronx11,P.S. 175 City Island,K-8,C,B,C,C,A,C ,C ,C ,D ,C,Bronx11,P.S. 078 Anne Hutchinson,Elementary,C,C,F,B,A,B ,C ,C ,B ,C,Bronx11,J.H.S. 144 Michelangelo,Middle,C,B,D,B,A,C ,D ,D ,C ,C,Bronx11,P.S. 105 Sen Abraham Bernstein,Elementary,B,B,C,B,A,C ,B ,C ,C ,B,Bronx11,P.S. 041 Gun Hill Road,Elementary,A,A,B,A,A,A ,B ,B ,A ,A,Bronx11,P.S. 108 Philip J. Abinanti,Elementary,C,C,D,C,B,C ,C ,C ,C ,C,Bronx11,The Young Scholars Academy of The Bronx,Middle,C,D,D,C,B,C ,C ,C ,C ,C,Bronx11,Globe School for Environmental Research,Middle,D,D,F,F,B,C ,D ,C ,C ,D,Bronx11,P.S. 097 Bronx,Elementary,B,C,D,A,C,A ,C ,C ,A ,B,Bronx11,P.S. 121 Throop,Elementary,B,A,C,B,A,C ,A ,C ,D ,B,Bronx11,Bronx Green Middle School,Middle,C,D,D,C,D,B ,B ,C ,B ,C,Bronx11,P.S. 076 The Bennington School,Elementary,A,B,C,A,A,B ,C ,C ,B ,A,Bronx11,Cornerstone Academy for Social Action,Elementary,F,D,F,F,C,C ,F ,C ,B ,F,Bronx11,J.H.S. 127 The Castle Hill,Middle,B,B,D,B,A,C ,C ,D ,C ,B,Bronx11,P.S. 111 Seton Falls,Elementary,C,B,F,C,A,C ,F ,D ,C ,C,Bronx11,P.S. 178 - Dr. Selman Waksman,Elementary,C,C,D,B,A,B ,C ,D ,A ,C,Bronx11,School of Diplomacy,Middle,C,F,D,F,A,F ,F ,D ,F ,C,Bronx11,P.S. 096 Richard Rodgers,Elementary,B,B,B,B,A,B ,B ,B ,B ,B,Bronx11,P.S. 021 Philip H. Sheridan,Elementary,C,C,D,B,B,C ,D ,D ,C ,C,Bronx11,P.S. 019 Judith K. Weiss,K-8,C,B,D,C,A,B ,B ,C ,B ,C,Bronx11,P.S. 112 Bronxwood,Elementary,A,D,C,A,A,D ,C ,D ,F ,A,Bronx11,P.S. 103 Hector Fontanez,Elementary,B,B,D,B,A,B ,C ,C ,B ,B,Bronx11,P.S. 087 Bronx,Elementary,C,B,D,D,A,C ,D ,D ,C ,C,Bronx11,P.S. 016 Wakefield,Elementary,C,C,D,F,A,B ,D ,D ,B ,C,Bronx11,PS/MS 194,K-8,B,B,C,B,A,C ,B ,C ,C ,B,Bronx11,The Forward School,Middle,B,B,D,B,A,B ,C ,C ,B ,B,Bronx11,I.S. 181 Pablo Casals,Middle,B,B,B,A,A,B ,B ,B ,B ,B,Bronx11,MS 142 John Philip Sousa,Middle,C,D,D,C,A,C ,D ,D ,B ,C,Bronx12,Kappa III,Middle,A,A,B,A,A,A ,A ,B ,A ,A,Bronx12,P.S. 196,Elementary,B,A,B,C,A,C ,A ,C ,F ,B,Bronx12,Mott Hall V,Middle,A,A,B,A,A,B ,B ,B ,B ,A,Bronx12,Frederick Douglass Academy V. Middle School,Middle,B,B,C,B,A,B ,A ,B ,B ,B,Bronx12,Fannie Lou Hamer Middle School,Middle,A,C,C,A,A,C ,A ,D ,D ,A,Bronx12,P.S. 067 Mohegan School,Elementary,C,D,C,C,A,B ,C ,C ,A ,C,Bronx12,Accion Academy,Middle,A,B,C,A,A,C ,C ,C ,C ,A,Bronx12,P.S. 195,Elementary,C,B,D,C,A,C ,C ,D ,B ,C,Bronx12,Bronx Little School,Elementary,C,B,D,C,A,A ,B ,C ,A ,C,Bronx12,P.S. 212,K-8,C,B,D,C,A,B ,B ,C ,A ,C,Bronx12,P.S. 044 David C. Farragut,Elementary,B,B,D,A,A,C ,B ,C ,C ,B,Bronx12,J.H.S. 098 Herman Ridder,Middle,A,B,C,A,A,C ,B ,C ,C ,A,Bronx12,P.S. 050 Clara Barton,Elementary,D,F,D,C,B,C ,F ,D ,B ,D,Bronx12,Bronx Latin,Middle,A,B,B,A,A,A ,A ,B ,A ,A,Bronx12,Bronx Latin,High School,,,,,,A ,A ,B ,A ,A,Bronx12,P.S. 102 Joseph O. Loretan,Elementary,C,F,F,B,B,,,,,C,Bronx12,P.S. 134 George F. Bristow,Elementary,B,C,D,B,A,C ,C ,C ,C ,B,Bronx12,P.S. 214,K-8,B,A,C,A,A,B ,A ,C ,B ,B,Bronx12,E.S.M.T- I.S. 190,Middle,B,B,D,B,A,C ,B ,D ,D ,B,Bronx12,New Day Academy,Middle,C,D,F,B,C,,,,,C,Bronx12,P.S. 061 Francisco Oller,Elementary,C,A,D,D,A,D ,A ,D ,F ,C,Bronx12,The School of Science and Applied Learning,Elementary,C,B,F,B,B,D ,A ,F ,D ,C,Bronx12,"I.S. X318 Math, Science & Technology Through Arts",Middle,C,C,D,C,A,B ,B ,C ,B ,C,Bronx12,P.S. 006 West Farms,Elementary,C,F,D,C,A,C ,F ,D ,C ,C,Bronx12,P.S. 150 Charles James Fox,Elementary,A,A,B,A,A,B ,B ,C ,C ,A,Bronx12,P.S. 129 Twin Parks Upper,Middle,B,B,C,B,A,B ,B ,B ,B ,B,Bronx12,Urban Assembly School for Wildlife Conservation,Middle,C,C,F,F,A,D ,D ,D ,D ,C,Bronx12,P.S. 212,K-8,C,B,D,C,A,A ,A ,B ,A ,B,Bronx12,P.S. 198,Elementary,,,,,,,,,,,Bronx12,New Day Academy,High School,F,D,F,F,D,,,,,C,Bronx12,Entrada Academy,Middle,A,A,D,A,,C ,A ,D ,C ,A,Bronx12,P.S. 066 School of Higher Expectations,Elementary,B,A,C,B,A,B ,A ,C ,B ,B,Bronx12,Emolior Academy,Middle,B,B,C,B,,C ,A ,C ,C ,B,Bronx12,School of Performing Arts,Middle,A,C,C,A,A,C ,C ,C ,C ,A,Bronx12,P.S. 047 John Randolph,Elementary,C,A,D,F,A,B ,A ,C ,B ,C,Bronx12,East Bronx Academy for the Future,High School,B,B,A,C,A,C ,B ,C ,C ,B,Bronx12,P.S. 211,K-8,A,B,D,A,A,B ,B ,C ,A ,A,Bronx12,P.S. 092 Bronx,Elementary,B,F,D,A,A,C ,F ,D ,C ,B,Bronx12,East Bronx Academy for the Future,Middle,B,B,C,B,B,C ,B ,C ,C ,B,Bronx12,P.S. 057 Crescent,Elementary,B,A,C,B,A,C ,C ,B ,C ,B,Bronx13,M.S. 113 Ronald Edmonds Learning Center,Middle,C,C,C,C,A,D ,C ,D ,D ,C,Brooklyn13,P.S. 009 Teunis G. Bergen,Elementary,C,B,C,D,A,C ,B ,C ,C ,C,Brooklyn13,Satellite West Middle School,Middle,B,C,C,A,B,A ,C ,B ,A ,B,Brooklyn13,M.S. 571,Middle,D,F,F,F,B,,,,,D,Brooklyn13,Satellite East Middle School,Middle,D,C,D,D,B,B ,C ,C ,A ,D,Brooklyn13,P.S. 011 Purvis J. Behan,Elementary,B,B,C,B,A,B ,B ,C ,B ,B,Brooklyn13,P.S. 307 Daniel Hale Williams,Elementary,C,B,F,C,A,C ,B ,D ,C ,C,Brooklyn13,P.S. 282 Park Slope,K-8,B,B,C,B,B,C ,D ,C ,C ,B,Brooklyn13,Khalil Gibran International Academy,Middle,C,B,F,F,A,,,,,C,Brooklyn13,P.S. 287 Bailey K. Ashford,Elementary,B,B,F,A,A,B ,B ,D ,B ,B,Brooklyn13,P.S. 008 Robert Fulton,Elementary,C,B,D,F,A,C ,C ,B ,D ,C,Brooklyn13,P.S. 054 Samuel C. Barnes,Elementary,C,C,D,C,A,C ,B ,D ,C ,C,Brooklyn13,P.S. 133 William A. Butler,Elementary,C,B,C,C,A,B ,B ,C ,B ,C,Brooklyn13,P.S. 093 William H. Prescott,Elementary,C,C,D,C,A,B ,C ,D ,B ,C,Brooklyn13,P.S. 067 Charles A. Dorsey,Elementary,C,B,D,B,A,D ,A ,C ,F ,C,Brooklyn13,P.S. 046 Edward C. Blum,Elementary,A,B,D,A,A,A ,D ,C ,A ,A,Brooklyn13,P.S. 305 Dr. Peter Ray,Elementary,C,C,D,B,A,C ,D ,D ,B ,C,Brooklyn13,Dr. Susan S. McKinney Secondary School of the Arts,Middle,C,C,D,D,A,B ,C ,C ,B ,C,Brooklyn13,M.S. K266 - Park Place Community Middle School,Middle,C,C,F,F,A,C ,B ,D ,C ,C,Brooklyn13,Academy of Business and Community Development,Middle,D,F,D,D,B,D ,F ,D ,D ,D,Brooklyn13,Satellite Three,Middle,C,B,D,C,B,D ,D ,D ,D ,C,Brooklyn13,P.S. 044 Marcus Garvey,Elementary,B,B,C,B,A,B ,C ,C ,B ,B,Brooklyn13,P.S. 056 Lewis H. Latimer,Elementary,B,A,C,A,C,A ,A ,B ,A ,B,Brooklyn13,Dr. Susan S. McKinney Secondary School of the Arts,High School,A,D,A,A,B,B ,C ,C ,B ,C,Brooklyn13,P.S. 270 Johann DeKalb,Elementary,A,B,A,A,A,C ,B ,A ,D ,A,Brooklyn13,Academy of Business and Community Development,High School,,,,,,D ,F ,D ,D ,D,Brooklyn13,Urban Assembly Academy of Arts and Letters,Middle,B,B,C,C,B,B ,A ,C ,C ,B,Brooklyn13,P.S. 256 Benjamin Banneker,Elementary,C,D,C,C,A,F ,D ,D ,F ,C,Brooklyn13,P.S. 020 Clinton Hill,Elementary,C,B,F,D,A,B ,B ,C ,B ,C,Brooklyn13,P.S. 003 The Bedford Village,Elementary,C,B,D,C,A,C ,C ,C ,C ,C,Brooklyn14,P.S. 297 Abraham Stockton,Elementary,C,B,F,B,B,B ,B ,D ,B ,C,Brooklyn14,Lyons Community School,High School,,,,,,B ,B ,D ,B ,C,Brooklyn14,P.S. 380 John Wayne Elementary,Elementary,A,A,A,A,A,A ,A ,A ,A ,A,Brooklyn14,P.S. 110 The Monitor,Elementary,C,A,C,F,A,C ,A ,C ,C ,C,Brooklyn14,Conselyea Preparatory School,Middle,B,A,C,C,A,B ,A ,C ,C ,B,Brooklyn14,P.S. 257 John F. Hylan,Elementary,A,A,B,A,A,A ,A ,A ,A ,A,Brooklyn14,P.S. 059 William Floyd,Elementary,C,C,F,F,A,C ,C ,D ,B ,C,Brooklyn14,P.S. 196 Ten Eyck,Elementary,A,A,B,B,A,C ,A ,B ,F ,A,Brooklyn14,P.S. 019 Roberto Clemente,Elementary,D,A,F,D,B,F ,B ,F ,F ,D,Brooklyn14,Lyons Community School,Middle,C,B,F,F,A,B ,B ,D ,B ,C,Brooklyn14,P.S. 084 Jose De Diego,Elementary,C,A,F,D,A,B ,B ,D ,B ,C,Brooklyn14,M.S. 582,Middle,B,B,C,B,A,D ,C ,C ,F ,B,Brooklyn14,J.H.S. 050 John D. Wells,Middle,B,C,D,B,A,C ,C ,D ,B ,B,Brooklyn14,P.S. 157 Benjamin Franklin,Elementary,B,A,C,B,A,B ,A ,C ,C ,B,Brooklyn14,P.S. 017 Henry D. Woodworth,Elementary,A,B,C,A,A,C ,C ,C ,C ,A,Brooklyn14,P.S. 023 Carter G. Woodson,Elementary,A,A,D,A,A,B ,A ,D ,C ,A,Brooklyn14,P.S. 018 Edward Bush,Elementary,B,A,C,B,B,C ,B ,C ,D ,B,Brooklyn14,Young Women's Leadership School of Brooklyn,Middle,C,A,D,C,,A ,A ,B ,A ,C,Brooklyn14,P.S. 147 Isaac Remsen,Elementary,A,A,C,A,B,B ,A ,C ,C ,A,Brooklyn14,Juan Morel Campos Secondary School,High School,C,B,B,C,C,C ,B ,D ,D ,B,Brooklyn14,I.S. 318 Eugenio Maria De Hostos,Middle,C,A,D,D,A,C ,A ,D ,C ,C,Brooklyn14,P.S. 120 Carlos Tapia,Elementary,C,A,D,C,A,A ,A ,C ,A ,C,Brooklyn14,John Ericsson Middle School 126,Middle,B,C,D,B,B,D ,D ,D ,D ,B,Brooklyn14,P.S. 031 Samuel F. Dupont,Elementary,A,A,A,A,A,A ,A ,A ,A ,A,Brooklyn14,Juan Morel Campos Secondary School,Middle,B,B,D,B,A,C ,B ,D ,D ,B,Brooklyn14,P.S. 034 Oliver H. Perry,Elementary,B,A,B,B,A,A ,A ,A ,A ,B,Brooklyn14,P.S. 016 Leonard Dunkly,Elementary,C,B,D,F,A,C ,B ,C ,C ,C,Brooklyn14,P.S. 132 The Conselyea School,Elementary,B,A,C,B,A,C ,A ,B ,F ,B,Brooklyn14,P.S. 250 George H. Lindsay,Elementary,B,A,C,B,A,B ,B ,C ,B ,B,Brooklyn15,P.S. 321 William Penn,Elementary,A,A,B,A,A,A ,A ,A ,B ,A,Brooklyn15,P.S. 169 Sunset Park,Elementary,B,A,D,B,A,C ,B ,C ,D ,B,Brooklyn15,P.S. 058 The Carroll,Elementary,A,B,D,A,A,B ,B ,C ,B ,A,Brooklyn15,I.S. 136 Charles O. Dewey,Middle,C,B,D,B,A,B ,B ,D ,B ,C,Brooklyn15,P.S. 295,Elementary,A,A,C,A,A,A ,A ,B ,A ,A,Brooklyn15,The Children's School,Elementary,A,B,B,A,,A ,A ,A ,A ,A,Brooklyn15,New Voices School of Academic & Creative Arts,Middle,A,A,A,A,A,A ,A ,A ,B ,A,Brooklyn15,Brooklyn School for Global Studies,High School,F,D,C,F,C,B ,D ,B ,B ,B,Brooklyn15,P.S. 261 Philip Livingston,Elementary,B,B,C,B,A,C ,B ,C ,F ,B,Brooklyn15,P.S. 131 Brooklyn,Elementary,A,A,C,A,A,A ,A ,C ,B ,A,Brooklyn15,School for International Studies,Middle,A,D,C,A,A,C ,C ,B ,C ,A,Brooklyn15,RED HOOK NEIGHBORHOOD SCHOOL,K-3,,,,,,C ,B ,D ,B ,,Brooklyn15,J.H.S. 088 Peter Rouget,Middle,B,B,C,B,A,A ,B ,B ,A ,B,Brooklyn15,P.S. 015 Patrick F. Daly,Elementary,A,A,B,A,A,B ,A ,B ,B ,A,Brooklyn15,Brooklyn School for Global Studies,Middle,B,D,C,B,A,B ,D ,B ,B ,B,Brooklyn15,New Horizons School,Middle,B,A,C,A,A,B ,A ,C ,B ,B,Brooklyn15,P.S. 094 The Henry Longfellow,Elementary,B,C,C,B,A,B ,C ,C ,B ,B,Brooklyn15,P.S. 107 John W. Kimball,Elementary,A,B,B,A,A,B ,A ,B ,B ,A,Brooklyn15,M.S. 51 William Alexander,Middle,A,B,B,B,A,A ,A ,A ,A ,A,Brooklyn15,P.S. 039 Henry Bristow,Elementary,B,B,C,B,A,B ,A ,C ,C ,B,Brooklyn15,Agnes Y. Humphrey School for Leadership,K-8,,,,,,,,,,,Brooklyn15,P.S. 146,Elementary,B,A,C,B,A,A ,A ,B ,B ,B,Brooklyn15,P.S. 172 Beacon School of Excellence,Elementary,A,A,A,A,A,A ,A ,A ,A ,A,Brooklyn15,School for International Studies,High School,B,D,B,A,A,C ,C ,B ,C ,A,Brooklyn15,P.S. 038 The Pacific,Elementary,C,D,D,D,A,C ,C ,C ,B ,C,Brooklyn15,P.S. 032 Samuels Mills Sprole,Elementary,A,A,C,A,A,C ,B ,C ,F ,A,Brooklyn15,P.S. 024,Elementary,C,A,D,B,A,B ,A ,D ,B ,C,Brooklyn15,Magnet School for Science & Technology,Elementary,C,B,C,C,A,A ,B ,B ,A ,C,Brooklyn15,P.S. 130 The Parkside,Elementary,B,B,B,B,A,A ,B ,B ,A ,B,Brooklyn15,Sunset Park Prep,Middle,A,B,B,A,A,A ,B ,B ,B ,A,Brooklyn15,P.S. 029 John M. Harrigan,Elementary,A,B,B,B,A,C ,A ,B ,F ,A,Brooklyn15,P.S. 001 The Bergen,Elementary,C,A,C,C,A,B ,A ,B ,B ,C,Brooklyn15,P.S. 230 Doris L. Cohen,Elementary,C,A,C,C,A,C ,A ,C ,C ,C,Brooklyn15,The Math & Science Exploratory School,Middle,A,B,A,A,A,A ,B ,A ,A ,A,Brooklyn15,Secondary School for Law,Middle,C,C,D,C,A,,,,,C,Brooklyn15,Secondary School for Journalism,High School,B,C,B,A,C,,,,,C,Brooklyn15,Secondary School for Law,High School,C,C,C,C,C,,,,,C,Brooklyn15,Secondary School for Journalism,Middle,C,C,D,D,A,,,,,C,Brooklyn15,P.S. 124 Silas B. Dutcher,Elementary,A,B,B,A,A,B ,B ,D ,B ,A,Brooklyn16,Frederick Douglass Academy IV Secondary School,Middle,F,D,D,F,C,F ,C ,D ,F ,F,Brooklyn16,P.S. 308 Clara Cardwell,K-8,C,D,D,B,A,D ,C ,D ,F ,C,Brooklyn16,P.S. 025 Eubie Blake School,Elementary,C,D,D,C,A,C ,C ,C ,C ,C,Brooklyn16,Upper School @ P.S. 25,Middle,C,F,D,B,B,B ,C ,C ,B ,C,Brooklyn16,J.H.S. 057 Whitelaw Reid,Middle,C,A,D,B,A,C ,A ,D ,C ,C,Brooklyn16,Frederick Douglass Academy IV Secondary School,High School,B,D,A,B,D,F ,C ,D ,F ,F,Brooklyn16,Brighter Choice Community School,K-3,D,A,F,C,,,,,,D,Brooklyn16,P.S. 005 Dr. Ronald Mcnair,Elementary,B,C,C,A,A,C ,D ,C ,C ,B,Brooklyn16,P.S. 026 Jesse Owens,Elementary,C,B,C,C,A,A ,B ,B ,A ,C,Brooklyn16,P.S. 335 Granville T. Woods,Elementary,B,C,B,B,A,A ,B ,B ,A ,B,Brooklyn16,P.S. 081 Thaddeus Stevens,Elementary,B,B,C,C,A,B ,B ,C ,B ,B,Brooklyn16,P.S. 021 Crispus Attucks,Elementary,A,A,B,A,B,A ,A ,B ,A ,A,Brooklyn16,P.S. 243K- The Weeksville School,Elementary,C,B,D,F,A,C ,B ,D ,C ,C,Brooklyn16,P.S. 309 The George E. Wibecan Preparatory Academy,Elementary,C,A,D,C,B,C ,B ,D ,C ,C,Brooklyn16,"M.S. 267 Math, Science & Technology",Middle,B,B,C,B,A,A ,A ,B ,B ,B,Brooklyn16,"School of Business, Finance and Entrepreneurship",Middle,A,C,B,A,A,B ,C ,B ,B ,A,Brooklyn16,M.S. 035 Stephen Decatur,Middle,A,A,C,A,A,A ,A ,B ,A ,A,Brooklyn16,P.S. 040 George W. Carver,Elementary,A,B,C,A,A,A ,B ,C ,A ,A,Brooklyn16,P.S. 028 The Warren Prep Academy,Elementary,B,A,D,A,D,D ,A ,D ,F ,B,Brooklyn16,M.S. 584,Middle,C,C,F,F,A,C ,C ,D ,B ,C,Brooklyn17,Middle School for Academic and Social Excellence,Middle,B,C,D,B,C,C ,C ,C ,B ,B,Brooklyn17,P.S. 397 Foster-Laurie,Elementary,B,A,D,B,A,B ,A ,C ,B ,B,Brooklyn17,M.S. 061 Dr. Gladstone H. Atwell,Middle,C,C,F,D,A,C ,C ,D ,C ,C,Brooklyn17,P.S. 022,Elementary,C,F,D,F,A,F ,F ,D ,F ,C,Brooklyn17,Middle School for the Arts,Middle,C,B,F,F,A,D ,C ,F ,F ,C,Brooklyn17,M.S. K394,K-8,C,A,C,C,A,B ,A ,C ,C ,C,Brooklyn17,Medgar Evers College Preparatory School,Middle,B,B,C,B,A,C ,A ,B ,C ,B,Brooklyn17,Medgar Evers College Preparatory School,High School,B,C,B,A,A,C ,A ,B ,C ,B,Brooklyn17,P.S. 249 The Caton,K-3,A,A,A,A,,A ,A ,A ,A ,A,Brooklyn17,P.S. 189 Lincoln Terrace,K-8,B,A,B,C,A,A ,A ,A ,A ,B,Brooklyn17,P.S. 092 Adrian Hegeman,Elementary,C,B,D,D,A,C ,A ,C ,C ,C,Brooklyn17,P.S. 289 George V. Brower,Elementary,B,D,C,A,B,C ,C ,C ,B ,B,Brooklyn17,P.S. 375 Jackie-Robinson School,Elementary,B,A,D,B,A,A ,A ,B ,A ,B,Brooklyn17,School for Democracy and Leadership,Middle,C,C,F,B,B,D ,C ,D ,F ,C,Brooklyn17,P.S. 399 Stanley Eugene Clark,Elementary,A,A,A,A,A,B ,A ,A ,B ,A,Brooklyn17,M.S. 246 Walt Whitman,Middle,B,B,D,B,A,B ,B ,C ,B ,B,Brooklyn17,P.S. 138 Brooklyn,K-8,A,A,B,A,A,B ,A ,C ,B ,A,Brooklyn17,P.S. 167 The Parkway,Elementary,C,C,D,D,A,C ,D ,D ,C ,C,Brooklyn17,P.S. 191 Paul Robeson,Elementary,C,B,D,C,B,B ,B ,D ,A ,C,Brooklyn17,P.S. 241 Emma L. Johnston,Elementary,C,B,B,F,A,A ,B ,A ,A ,C,Brooklyn17,Elijah Stroud Middle School,Middle,A,B,C,A,A,B ,A ,C ,B ,A,Brooklyn17,P.S. 398 Walter Weaver,Elementary,B,D,B,A,A,B ,C ,B ,B ,B,Brooklyn17,P.S. 316 Elijah Stroud,Elementary,A,C,B,A,A,C ,B ,C ,C ,A,Brooklyn17,M.S. 002,Middle,B,A,C,B,A,B ,A ,C ,B ,B,Brooklyn17,P.S. 091 The Albany Avenue School,Elementary,C,B,C,D,A,D ,C ,C ,F ,C,Brooklyn17,Ronald Edmonds Learning Center II,Middle,C,B,C,C,A,A ,B ,B ,A ,C,Brooklyn17,P.S. 181 Brooklyn,K-8,C,D,C,C,A,B ,D ,C ,B ,C,Brooklyn17,P.S. 012,Elementary,B,C,C,B,A,C ,C ,D ,C ,B,Brooklyn17,P.S. 221 Toussaint L'Ouverture,Elementary,C,B,D,C,A,A ,A ,C ,A ,C,Brooklyn17,P.S. 161 The Crown,K-8,C,C,C,F,A,D ,C ,D ,D ,C,Brooklyn17,"School for Human Rights, The",High School,A,A,A,B,A,C ,A ,C ,C ,B,Brooklyn17,Ebbets Field Middle School,Middle,B,C,D,B,A,B ,B ,C ,B ,B,Brooklyn17,School for Democracy and Leadership,High School,C,D,A,C,B,D ,C ,D ,F ,C,Brooklyn17,P.S. 006,Elementary,B,A,C,A,A,B ,B ,C ,B ,B,Brooklyn17,"School for Human Rights, The",Middle,B,A,D,B,A,C ,A ,C ,C ,B,Brooklyn17,I.S. 340,Middle,B,C,D,B,B,C ,C ,D ,F ,B,Brooklyn17,The School of Integrated Learning,Middle,A,B,B,A,A,B ,B ,B ,B ,A,Brooklyn18,I.S. 211 John Wilson,Middle,B,B,C,B,A,A ,B ,B ,A ,B,Brooklyn18,P.S. 114 Ryder Elementary,Elementary,D,F,F,D,B,C ,D ,D ,B ,D,Brooklyn18,Middle School for Art and Philosophy,Middle,C,D,D,C,A,C ,F ,D ,C ,C,Brooklyn18,I.S. 285 Meyer Levin,Middle,C,D,D,C,B,B ,C ,C ,B ,C,Brooklyn18,P.S. 268 Emma Lazarus,Elementary,C,A,D,C,A,B ,A ,C ,A ,C,Brooklyn18,P.S. 115 Daniel Mucatel School,Elementary,B,A,C,B,A,B ,B ,B ,C ,B,Brooklyn18,P.S. 208 Elsa Ebeling,Elementary,B,A,C,B,A,B ,A ,C ,B ,B,Brooklyn18,P.S. 66,K-8,A,A,B,B,A,B ,A ,B ,C ,A,Brooklyn18,P.S. 272 Curtis Estabrook,Elementary,C,C,D,B,A,F ,C ,D ,F ,C,Brooklyn18,THE SCIENCE AND MEDICINE MIDDLE SCHOOL,Middle,,,,,,B ,A ,C ,B ,,Brooklyn18,P.S. 233 Langston Hughes,Elementary,C,C,C,C,A,C ,B ,C ,D ,C,Brooklyn18,P.S. 279 Herman Schreiber,Elementary,C,B,C,C,A,C ,D ,C ,C ,C,Brooklyn18,East Flatbush Community Research School,Middle,C,F,D,F,A,D ,B ,F ,D ,C,Brooklyn18,P.S. 276 Louis Marshall,Elementary,C,B,C,C,A,B ,B ,C ,A ,C,Brooklyn18,Middle School of Marketing and Legal Studies,Middle,C,B,C,C,A,B ,A ,C ,B ,C,Brooklyn18,P.S. 244 Richard R. Green,Elementary,B,B,C,A,A,A ,A ,C ,A ,B,Brooklyn18,P.S. 235 Lenox School,K-8,B,B,A,B,A,A ,A ,A ,A ,B,Brooklyn18,P.S. 219 Kennedy-King,Elementary,C,B,C,C,A,B ,B ,C ,A ,C,Brooklyn18,P.S. 135 Sheldon A. Brookner,Elementary,B,A,C,B,A,B ,A ,C ,B ,B,Brooklyn18,I.S. 068 Isaac Bildersee,Middle,C,C,D,B,A,B ,C ,C ,B ,C,Brooklyn19,J.H.S. 218 James P. Sinnott,Middle,B,C,C,A,A,B ,C ,C ,B ,B,Brooklyn19,P.S. 345 Patrolman Robert Bolden,Elementary,B,D,C,B,A,C ,C ,D ,B ,B,Brooklyn19,P.S. 306 Ethan Allen,K-8,B,D,D,B,A,F ,D ,F ,F ,B,Brooklyn19,P.S. 214 Michael Friedsam,Elementary,B,B,D,B,A,B ,B ,C ,B ,B,Brooklyn19,P.S. 159 Isaac Pitkin,Elementary,C,C,D,C,A,B ,B ,D ,B ,C,Brooklyn19,J.H.S. 302 Rafael Cordero,Middle,D,D,F,C,B,C ,D ,D ,C ,D,Brooklyn19,P.S. 065,Elementary,A,A,A,A,A,B ,A ,B ,C ,A,Brooklyn19,I.S. 364 Gateway,Middle,B,B,C,B,A,C ,C ,C ,C ,B,Brooklyn19,P.S. 013 Roberto Clemente,Elementary,C,B,D,C,B,C ,C ,C ,C ,C,Brooklyn19,P.S. 202 Ernest S. Jenkyns,K-8,C,C,D,F,A,D ,C ,D ,F ,C,Brooklyn19,P.S. 158 Warwick,Elementary,C,B,D,C,A,B ,B ,C ,B ,C,Brooklyn19,P.S. 190 Sheffield,Elementary,A,B,B,A,A,B ,C ,B ,C ,A,Brooklyn19,P.S. 273 Wortman,Elementary,C,A,C,D,A,C ,A ,C ,C ,C,Brooklyn19,J.H.S. 166 George Gershwin,Middle,C,C,D,B,B,C ,D ,D ,C ,C,Brooklyn19,EAST NEW YORK MIDDLE SCHOOL OF EXCELLENCE,Middle,,,,,,B ,A ,C ,B ,,Brooklyn19,P.S. 007 Abraham Lincoln,Elementary,B,B,C,B,A,A ,B ,B ,A ,B,Brooklyn19,Frederick Douglass Academy VIII Middle School,Middle,B,B,D,B,A,B ,A ,C ,B ,B,Brooklyn19,Essence School,Middle,B,B,D,B,B,C ,C ,D ,C ,B,Brooklyn19,P.S. 290 Juan Morel Campos,Elementary,B,A,C,B,A,B ,A ,B ,B ,B,Brooklyn19,P.S./I.S. 072 Annette P Goldman,K-8,,,,,,,,,,,Brooklyn19,East New York Family Academy,High School,B,C,B,B,B,A ,B ,A ,A ,B,Brooklyn19,J.H.S. 292 Margaret S. Douglas,Middle,C,C,C,B,A,B ,C ,C ,B ,C,Brooklyn19,P.S. 260 Breuckelen,Elementary,D,F,F,D,B,,,,,D,Brooklyn19,P.S. 089 Cypress Hills,K-8,B,A,D,B,A,B ,A ,D ,B ,B,Brooklyn19,East New York Family Academy,Middle,B,B,B,B,A,A ,B ,A ,A ,B,Brooklyn19,P.S. 174 Dumont,K-8,C,B,F,C,B,C ,C ,D ,C ,C,Brooklyn19,P.S. 108 Sal Abbracciamento,Elementary,B,A,C,B,A,B ,A ,C ,B ,B,Brooklyn19,P.S. 213 New Lots,Elementary,C,B,C,D,A,D ,C ,C ,F ,C,Brooklyn19,I.S. 171 Abraham Lincoln,Middle,C,C,F,B,B,F ,C ,F ,F ,C,Brooklyn19,EAST NEW YORK ELEMENTARY SCHOOL OF EXCELLENCE,K-3,,,,,,C ,B ,D ,C ,,Brooklyn19,P.S. 328 Phyllis Wheatley,K-8,B,D,D,B,A,D ,B ,D ,D ,B,Brooklyn19,P.S. 346 Abe Stark,Elementary,C,D,D,C,A,C ,D ,C ,B ,C,Brooklyn19,P.S. 224 Hale A. Woodruff,Elementary,B,C,D,B,A,C ,C ,D ,C ,B,Brooklyn19,P.S. 149 Danny Kaye,Elementary,C,C,C,C,A,C ,C ,C ,C ,C,Brooklyn20,P.S. 164 Caesar Rodney,Elementary,A,A,B,A,A,A ,A ,B ,A ,A,Brooklyn20,P.S. 229 Dyker,Elementary,B,B,B,B,A,B ,C ,B ,B ,B,Brooklyn20,Urban Assembly School for Criminal Justice,Middle,B,B,C,B,A,A ,A ,C ,A ,B,Brooklyn20,I.S. 30 Mary White Ovington,Middle,A,B,B,A,A,B ,B ,B ,C ,A,Brooklyn20,Ralph A. Fabrizio School,Elementary,B,B,C,B,A,B ,B ,C ,B ,B,Brooklyn20,PS 503: The School of Discovery,Elementary,B,A,D,B,A,B ,A ,C ,B ,B,Brooklyn20,P.S. 205 Clarion,Elementary,B,B,C,B,A,A ,C ,C ,A ,B,Brooklyn20,J.H.S. 201 The Dyker Heights,Middle,A,B,B,B,A,A ,B ,B ,A ,A,Brooklyn20,J.H.S. 223 The Montauk,Middle,B,B,C,A,A,A ,B ,C ,A ,B,Brooklyn20,P.S. 163 Bath Beach,Elementary,A,A,C,A,A,A ,A ,C ,A ,A,Brooklyn20,P.S. 69 Vincent D. Grippo School,Elementary,A,A,C,A,A,A ,A ,C ,A ,A,Brooklyn20,P.S. 176 Ovington,Elementary,A,A,B,A,A,A ,A ,B ,A ,A,Brooklyn20,P.S. 204 Vince Lombardi,Elementary,A,A,C,A,A,B ,A ,B ,B ,A,Brooklyn20,P.S. 112 Lefferts Park,Elementary,B,A,C,B,A,A ,A ,B ,A ,B,Brooklyn20,J.H.S. 259 William Mckinley,Middle,A,A,B,A,A,A ,A ,B ,A ,A,Brooklyn20,P.S. 105 The Blythebourne,Elementary,A,A,B,A,A,A ,A ,C ,A ,A,Brooklyn20,P.S. 186 Dr. Irving A Gladstone,Elementary,B,B,C,A,A,B ,A ,C ,B ,B,Brooklyn20,P.S. 102 The Bayview,Elementary,B,B,B,B,A,B ,B ,B ,B ,B,Brooklyn20,J.H.S. 220 John J. Pershing,Middle,B,B,D,A,B,C ,B ,D ,C ,B,Brooklyn20,P.S. 200 Benson School,Elementary,B,D,C,B,A,A ,C ,C ,A ,B,Brooklyn20,P.S. 247 Brooklyn,Elementary,A,B,B,A,A,A ,B ,A ,A ,A,Brooklyn20,P.S. 185 Walter Kassenbrock,Elementary,C,B,C,B,A,C ,B ,C ,C ,C,Brooklyn20,The SEEALL Academy,K-8,B,A,D,B,A,B ,A ,C ,C ,B,Brooklyn20,J.H.S. 062 Ditmas,Middle,A,A,C,A,A,B ,A ,C ,B ,A,Brooklyn20,P.S. 160 William T. Sampson,Elementary,B,A,C,B,A,C ,B ,C ,C ,B,Brooklyn20,P.S./I.S. 104 The Fort Hamilton School,K-8,A,A,C,B,B,B ,B ,B ,B ,A,Brooklyn20,P.S. 127 Mckinley Park,Elementary,D,B,D,D,B,B ,B ,C ,B ,D,Brooklyn20,P.S. 506: The School of Journalism & Technology,Elementary,B,A,D,B,A,B ,A ,D ,A ,B,Brooklyn20,P.S. 179 Kensington,Elementary,C,B,D,B,A,C ,C ,D ,C ,C,Brooklyn20,P.S. 048 Mapleton,Elementary,B,B,B,B,A,A ,C ,C ,A ,B,Brooklyn20,J.H.S. 227 Edward B. Shallow,Middle,B,C,C,B,A,A ,B ,C ,A ,B,Brooklyn21,Brooklyn Studio Secondary School,Middle,A,B,A,A,A,B ,C ,A ,B ,A,Brooklyn21,Brooklyn Studio Secondary School,High School,A,C,B,C,B,B ,C ,A ,B ,A,Brooklyn21,P.S. 177 The Marlboro,Elementary,A,B,B,A,A,B ,B ,B ,B ,A,Brooklyn21,I.S. 228 David A. Boody,Middle,C,C,C,C,A,C ,B ,C ,C ,C,Brooklyn21,P.S. 212 Lady Deborah Moody,Elementary,B,A,C,B,A,B ,A ,C ,B ,B,Brooklyn21,Kingsborough Early College School,High School,,,,,,B ,B ,B ,B ,B,Brooklyn21,P.S. 153 Homecrest,Elementary,B,B,C,B,A,C ,C ,C ,C ,B,Brooklyn21,I.S. 303 Herbert S. Eisenberg,Middle,B,B,B,B,A,A ,A ,B ,B ,B,Brooklyn21,I.S. 98 Bay Academy,Middle,A,B,B,A,B,A ,B ,A ,A ,A,Brooklyn21,P.S. 101 The Verrazano,Elementary,B,A,B,B,A,B ,A ,B ,C ,B,Brooklyn21,P.S. 216 Arturo Toscanini,Elementary,B,B,B,A,A,C ,B ,C ,C ,B,Brooklyn21,P.S. 288 The Shirley Tanyhill,K-8,A,C,D,A,A,B ,D ,D ,B ,A,Brooklyn21,P.S. 095 The Gravesend,K-8,C,D,F,B,B,C ,D ,D ,C ,C,Brooklyn21,P.S. 209 Margaret Mead,K-8,C,B,C,C,A,B ,B ,C ,B ,C,Brooklyn21,I.S. 096 Seth Low,Middle,B,C,C,B,A,B ,B ,C ,A ,B,Brooklyn21,P.S. 238 Anne Sullivan,K-8,B,A,D,B,A,B ,A ,C ,C ,B,Brooklyn21,Kingsborough Early College School,Middle,B,B,C,B,A,B ,B ,B ,B ,B,Brooklyn21,I.S. 281 Joseph B Cavallaro,Middle,B,B,C,B,A,A ,B ,B ,B ,B,Brooklyn21,P.S. 100 The Coney Island School,Elementary,B,B,B,B,A,C ,C ,C ,C ,B,Brooklyn21,P.S. 329 Surfside,Elementary,C,A,C,C,A,B ,A ,C ,B ,C,Brooklyn21,P.S. 199 Frederick Wachtel,Elementary,B,B,B,A,B,B ,C ,B ,A ,B,Brooklyn21,P.S. 188 Michael E. Berdy,Elementary,C,A,D,C,A,A ,A ,C ,A ,C,Brooklyn21,P.S. 121 Nelson A. Rockefeller,K-8,A,A,C,B,A,A ,A ,B ,A ,A,Brooklyn21,P.S. 128 Bensonhurst,Elementary,B,A,F,A,B,B ,A ,D ,B ,B,Brooklyn21,P.S. 97 The Highlawn,Elementary,A,A,C,A,A,A ,A ,C ,A ,A,Brooklyn21,P.S. 099 Isaac Asimov,K-8,A,A,C,A,A,A ,A ,C ,A ,A,Brooklyn21,P.S. 253,Elementary,A,A,C,B,A,A ,A ,B ,A ,A,Brooklyn21,P.S. 215 Morris H. Weiss,Elementary,C,B,C,C,A,A ,B ,B ,A ,C,Brooklyn21,Mark Twain I.S. 239 for the Gifted & Talented,Middle,A,A,A,A,A,A ,A ,A ,A ,A,Brooklyn21,P.S. 253,Elementary,A,A,C,B,A,D ,A ,D ,F ,C,Brooklyn21,P.S. K225 - The Eileen E. Zaglin,K-8,A,B,C,A,A,B ,A ,C ,B ,A,Brooklyn21,P.S. 90 Edna Cohen School,Elementary,B,B,D,B,A,A ,C ,C ,A ,B,Brooklyn21,P.S. 226 Alfred De B.Mason,K-8,A,A,B,A,A,B ,A ,C ,B ,A,Brooklyn22,J.H.S. 278 Marine Park,Middle,D,A,F,D,B,D ,A ,D ,F ,D,Brooklyn22,P.S. 198 Brooklyn,Elementary,C,C,D,C,A,B ,B ,C ,A ,C,Brooklyn22,I. S. 381,Middle,C,B,D,C,B,C ,C ,C ,D ,C,Brooklyn22,P.S. 194 Raoul Wallenberg,Elementary,C,B,C,C,A,C ,B ,C ,C ,C,Brooklyn22,J.H.S. 234 Arthur W. Cunningham,Middle,B,B,C,B,A,B ,B ,B ,B ,B,Brooklyn22,P.S. 119 Amersfort,Elementary,B,A,C,B,A,B ,A ,C ,B ,B,Brooklyn22,P.S. 193 Gil Hodges,Elementary,B,A,B,B,A,C ,B ,B ,C ,B,Brooklyn22,P.S. 245,Elementary,A,A,C,A,A,B ,A ,B ,B ,A,Brooklyn22,P.S. 251 Paerdegat,Elementary,C,C,D,B,A,B ,B ,C ,B ,C,Brooklyn22,P.S. K315,Elementary,B,A,C,B,A,B ,B ,C ,C ,B,Brooklyn22,P.S. 195 Manhattan Beach,Elementary,A,B,B,A,A,B ,B ,B ,C ,A,Brooklyn22,P.S. K134,Elementary,A,A,A,A,A,A ,A ,A ,A ,A,Brooklyn22,Brooklyn College Academy,Middle,B,A,D,A,B,A ,A ,B ,A ,B,Brooklyn22,P.S. 139 Alexine A. Fenty,Elementary,C,B,D,D,A,B ,C ,C ,B ,C,Brooklyn22,P.S. 109,K-8,B,B,D,B,A,C ,C ,D ,D ,B,Brooklyn22,P.S. 052 Sheepshead Bay,Elementary,B,B,D,B,A,C ,B ,C ,C ,B,Brooklyn22,P.S. 222 Katherine R. Snyder,Elementary,A,A,A,A,A,B ,A ,A ,B ,A,Brooklyn22,P.S. 254 Dag Hammarskjold,Elementary,A,A,A,B,A,A ,B ,A ,A ,A,Brooklyn22,P.S. 236 Mill Basin,Elementary,B,A,C,C,B,C ,B ,B ,C ,B,Brooklyn22,J.H.S. 078 Roy H. Mann,Middle,C,C,C,C,A,C ,B ,C ,C ,C,Brooklyn22,School of Science & Technology,Elementary,C,A,C,D,A,B ,A ,C ,C ,C,Brooklyn22,P.S. 255 Barbara Reing School,Elementary,A,A,B,A,A,A ,A ,B ,A ,A,Brooklyn22,Andries Hudde,Middle,B,D,D,B,A,C ,C ,C ,C ,B,Brooklyn22,P.S. 206 Joseph F Lamb,K-8,A,B,B,A,A,C ,B ,B ,C ,A,Brooklyn22,P.S. 217 Colonel David Marcus School,Elementary,B,A,C,B,A,B ,A ,C ,B ,B,Brooklyn22,P.S. 312 Bergen Beach,Elementary,C,A,B,D,A,C ,A ,B ,D ,C,Brooklyn22,P.S. 207 Elizabeth G. Leary,K-8,C,A,C,C,A,B ,B ,B ,C ,C,Brooklyn22,Brooklyn College Academy,High School,A,A,B,A,A,A ,A ,B ,A ,B,Brooklyn22,P.S. 277 Gerritsen Beach,Elementary,A,A,B,B,B,C ,A ,B ,D ,A,Brooklyn22,P.S. 269 Nostrand,Elementary,C,A,D,D,A,C ,B ,D ,C ,C,Brooklyn22,P.S. 203 Floyd Bennett,Elementary,C,B,D,C,A,B ,C ,C ,B ,C,Brooklyn22,P.S. 197 Brooklyn,Elementary,A,A,C,A,A,B ,A ,C ,B ,A,Brooklyn22,J.H.S. 014 Shell Bank,Middle,C,B,C,B,A,A ,A ,B ,B ,C,Brooklyn22,P.S. 361 East Flatbush Early Childhood School,K-2,C,B,F,C,,C ,D ,B ,C ,C,Brooklyn23,P.S./I.S. 137 Rachel Jean Mitchell,K-8,D,D,D,D,B,C ,B ,D ,C ,D,Brooklyn23,P.S. 332 Charles H. Houston,K-8,F,D,F,F,C,,,,,F,Brooklyn23,Eagle Academy for Young Men II,Middle,A,A,C,A,,B ,A ,C ,C ,A,Brooklyn23,Kappa V,Middle,C,B,C,C,A,A ,B ,C ,A ,C,Brooklyn23,P.S. 156 Waverly,Elementary,C,B,D,D,A,C ,B ,D ,C ,C,Brooklyn23,P.S./ I.S. 155 Nicholas Herkimer,K-8,B,A,C,B,A,A ,B ,C ,A ,B,Brooklyn23,P.S. 284 Lew Wallace,K-8,C,B,D,C,A,B ,B ,D ,B ,C,Brooklyn23,P.S. 150 Christopher,K-8,C,D,D,C,A,C ,C ,D ,C ,C,Brooklyn23,P.S. 041 Francis White,K-8,C,F,D,B,A,A ,C ,D ,A ,C,Brooklyn23,P.S. 178 Saint Clair Mckelway,K-8,B,B,C,C,A,C ,C ,C ,D ,B,Brooklyn23,Teachers Preparatory High School,High School,A,B,A,A,A,B ,B ,C ,B ,C,Brooklyn23,P.S. 184 Newport,K-8,C,D,D,B,B,B ,D ,C ,B ,C,Brooklyn23,P.S. 073 Thomas S. Boyland,K-8,C,B,D,C,B,C ,C ,D ,C ,C,Brooklyn23,Teachers Preparatory High School,Middle,C,C,D,C,A,B ,B ,C ,B ,C,Brooklyn23,I.S. 392,Middle,B,B,B,B,A,A ,B ,A ,A ,B,Brooklyn23,P.S. 298 Dr. Betty Shabazz,K-8,C,F,F,C,A,F ,F ,F ,D ,C,Brooklyn23,Mott Hall IV,Middle,C,C,F,F,A,F ,C ,F ,F ,C,Brooklyn23,P.S. 165 Ida Posner,K-8,C,C,F,B,B,C ,C ,F ,C ,C,Brooklyn23,P.S./I.S. 323,K-8,B,A,D,B,A,A ,A ,C ,A ,B,Brooklyn23,Brooklyn Collegiate: A College Board School,High School,C,B,B,C,B,F ,B ,F ,F ,D,Brooklyn23,General D. Chappie James Middle School of Science,Middle,D,C,F,D,,D ,B ,F ,D ,D,Brooklyn23,P.S. 327 Dr. Rose B. English,K-8,C,D,D,C,A,C ,C ,C ,C ,C,Brooklyn23,Brooklyn Collegiate: A College Board School,Middle,D,D,F,F,B,F ,B ,F ,F ,D,Brooklyn24,I.S. 125 Thom J. McCann Woodside,Middle,B,B,C,B,A,A ,A ,B ,B ,B,Queens24,P.S. 007 Louis F. Simeone,K-3,B,B,B,B,,B ,B ,B ,C ,B,Queens24,P.S. 58 - School of Heroes,Elementary,A,B,B,A,A,B ,B ,C ,C ,A,Queens24,I.S. 119 The Glendale,Middle,C,D,C,D,A,A ,C ,B ,B ,C,Queens24,I.S. 093 Ridgewood,Middle,B,C,B,A,A,C ,B ,C ,C ,B,Queens24,P.S. 014 Fairview,Elementary,A,A,C,A,A,B ,A ,C ,B ,A,Queens24,P.S. 113 Isaac Chauncey,Elementary,A,A,A,B,A,B ,A ,A ,D ,A,Queens24,P.S. 088 Seneca,Elementary,C,B,D,C,A,B ,C ,C ,B ,C,Queens24,P.S. 128 Juniper Valley,Elementary,A,A,B,A,A,B ,A ,B ,C ,A,Queens24,P.S. 089 Elmhurst,Elementary,A,A,B,A,A,A ,A ,B ,A ,A,Queens24,P.S. 013 Clement C. Moore,Elementary,B,A,B,B,A,A ,B ,B ,B ,B,Queens24,P.S. 087 Middle Village,K-8,A,A,D,A,A,A ,A ,C ,A ,A,Queens24,I.S. 5 - The Walter Crowley Intermediate School,Middle,A,B,B,A,A,B ,A ,B ,B ,A,Queens24,P.S. 049 Dorothy Bonawit Kole,Elementary,C,C,C,B,A,A ,B ,B ,B ,C,Queens24,I.S. 077,Middle,B,B,C,B,A,B ,B ,C ,B ,B,Queens24,P.S. 071 Forest,Elementary,C,F,D,B,A,C ,D ,C ,B ,C,Queens24,P.S. 019 Marino Jeantet,Elementary,B,B,B,B,A,A ,A ,B ,B ,B,Queens24,P.S. 153 Maspeth Elem,Elementary,A,B,C,A,A,B ,B ,C ,B ,A,Queens24,I.S. 73 - The Frank Sansivieri Intermediate School,Middle,A,C,B,A,A,B ,C ,B ,B ,A,Queens24,P.S. 012 James B. Colgate,Elementary,A,A,B,A,A,B ,A ,B ,B ,A,Queens24,P.S. Q016,Elementary,B,A,B,B,A,B ,A ,B ,C ,B,Queens24,P.S. 102 Bayview,K-8,A,A,C,B,A,A ,A ,B ,B ,A,Queens24,P.S. 229 Emanuel Kaplan,Elementary,A,A,B,A,A,A ,A ,B ,A ,A,Queens24,P.S. 239,Elementary,B,A,C,B,A,C ,B ,C ,C ,B,Queens24,P.S. 81Q Jean Paul Richter,Elementary,A,A,C,B,A,A ,A ,C ,A ,A,Queens24,P.S. 199 Maurice A. Fitzgerald,Elementary,B,A,C,B,A,A ,A ,B ,A ,B,Queens24,P.S. 143 Louis Armstrong,Elementary,C,B,B,D,A,C ,A ,B ,D ,C,Queens24,I.S. 061 Leonardo Da Vinci,Middle,B,B,D,A,A,B ,B ,D ,B ,B,Queens24,P.S. 091 Richard Arkwright,Elementary,B,C,D,B,A,C ,C ,C ,C ,B,Queens24,P.S. 068 Cambridge,Elementary,B,B,C,B,A,B ,A ,C ,B ,B,Queens25,P.S. 219 Paul Klapper,K-8,A,B,B,A,A,A ,B ,B ,A ,A,Queens25,"Queens School of Inquiry, The",Middle,A,A,B,A,A,C ,A ,B ,C ,A,Queens25,I.S. 237,Middle,A,B,B,B,A,B ,B ,C ,B ,A,Queens25,"Queens School of Inquiry, The",High School,,,,,,C ,A ,B ,C ,A,Queens25,P.S. 020 John Bowne,Elementary,B,B,B,A,A,B ,B ,B ,B ,B,Queens25,East-West School of International Studies,High School,A,F,B,A,,B ,C ,B ,B ,A,Queens25,P.S. 022 Thomas Jefferson,Elementary,A,B,C,A,A,A ,C ,B ,A ,A,Queens25,BELL Academy,Middle,A,A,B,A,A,A ,A ,B ,A ,A,Queens25,East-West School of International Studies,Middle,A,D,B,A,A,B ,C ,B ,B ,A,Queens25,P.S. 154 Queens,Elementary,C,B,B,C,A,B ,B ,B ,A ,C,Queens25,P.S. 209 Clearview Gardens,Elementary,A,A,A,A,A,A ,A ,B ,A ,A,Queens25,P.S. 024 Andrew Jackson,Elementary,A,A,B,A,A,A ,A ,B ,A ,A,Queens25,P.S. 164 Queens Valley,K-8,A,C,B,A,A,B ,B ,B ,B ,A,Queens25,P.S. 163 Flushing Heights,Elementary,B,C,D,B,A,A ,B ,B ,A ,B,Queens25,P.S. 032 State Street,Elementary,A,A,B,A,A,C ,A ,B ,C ,A,Queens25,P.S. 169 Bay Terrace,Elementary,C,A,D,C,A,B ,A ,C ,B ,C,Queens25,P.S. 021 Edward Hart,Elementary,B,A,B,B,A,A ,B ,A ,A ,B,Queens25,P.S. 214 Cadwallader Colden,Elementary,A,A,B,A,A,A ,A ,B ,B ,A,Queens25,P.S. 165 Edith K. Bergtraum,Elementary,B,D,B,B,A,B ,D ,C ,B ,B,Queens25,P.S. 129 Patricia Larkin,Elementary,B,A,B,C,A,B ,A ,B ,D ,B,Queens25,J.H.S. 194 William Carr,Middle,A,C,B,B,A,B ,F ,B ,B ,A,Queens25,P.S. 107 Thomas A Dooley,Elementary,B,A,C,B,A,A ,A ,B ,B ,B,Queens25,P.S. 184 Flushing Manor,Elementary,A,A,C,B,A,A ,A ,B ,B ,A,Queens25,I.S. 025 Adrien Block,Middle,B,B,C,C,A,B ,B ,B ,C ,B,Queens25,P.S. 029 Queens,Elementary,B,B,C,B,A,A ,B ,A ,A ,B,Queens25,P.S. 079 Francis Lewis,Elementary,C,D,D,B,A,A ,C ,B ,A ,C,Queens25,P.S. 193 Alfred J. Kennedy,Elementary,C,D,F,F,A,B ,C ,D ,B ,C,Queens25,PS/MS 200 - The Pomonok School & STAR Academy,K-8,B,B,C,B,A,A ,C ,C ,A ,B,Queens25,P.S. 120 Queens,Elementary,A,B,C,A,A,C ,C ,C ,B ,A,Queens25,J.H.S. 189 Daniel Carter Beard,Middle,B,A,D,B,A,C ,A ,D ,C ,B,Queens25,J.H.S. 185 Edward Bleeker,Middle,A,C,B,B,A,B ,C ,B ,B ,A,Queens25,P.S. 130,K-3,A,A,A,A,,A ,B ,A ,A ,A,Queens26,Irwin Altman Middle School 172,Middle,B,D,B,B,A,A ,C ,B ,B ,B,Queens26,P.S. 046 Alley Pond,Elementary,A,A,A,A,A,A ,A ,A ,A ,A,Queens26,P.S. 213 The Carl Ullman School,Elementary,A,A,B,B,A,A ,A ,B ,B ,A,Queens26,P.S. / I.S. 266,K-8,B,B,B,C,A,A ,B ,B ,B ,B,Queens26,P.S./ IS 178 Holliswood,K-8,B,B,C,B,A,A ,B ,B ,A ,B,Queens26,P.S. 191 Mayflower,Elementary,A,A,A,A,A,A ,A ,A ,A ,A,Queens26,P.S. 203 Oakland Gardens,Elementary,A,A,A,A,A,A ,A ,A ,A ,A,Queens26,J.H.S. 074 Nathaniel Hawthorne,Middle,A,B,B,A,A,A ,A ,A ,B ,A,Queens26,M.S. 158 Marie Curie,Middle,B,C,B,B,A,B ,C ,B ,C ,B,Queens26,J.H.S. 216 George J. Ryan,Middle,A,C,B,A,A,B ,C ,B ,C ,A,Queens26,J.H.S. 067 Louis Pasteur,Middle,B,B,B,B,A,A ,B ,A ,B ,B,Queens26,P.S. 041 Crocheron,Elementary,A,A,A,A,A,A ,A ,A ,A ,A,Queens26,P.S. 205 Alexander Graham Bell,Elementary,A,A,A,A,A,A ,A ,A ,A ,A,Queens26,P.S. 133 Queens,Elementary,A,A,A,A,A,A ,A ,A ,A ,A,Queens26,P.S. 026 Rufus King,Elementary,A,B,C,A,A,A ,B ,B ,A ,A,Queens26,P.S. 098 The Douglaston School,Elementary,B,B,B,A,B,B ,B ,A ,B ,B,Queens26,P.S. 173 Fresh Meadows,Elementary,A,A,A,B,A,A ,A ,A ,A ,A,Queens26,P.S. 094 David D. Porter,Elementary,B,A,B,B,A,B ,A ,B ,B ,B,Queens26,P.S. 186 Castlewood,Elementary,B,A,B,B,A,A ,A ,A ,A ,B,Queens26,P.S. 188 Kingsbury,Elementary,A,A,A,A,A,A ,A ,A ,A ,A,Queens26,P.S. 115 Glen Oaks,Elementary,B,B,C,B,A,C ,B ,C ,F ,B,Queens26,P.S. 018 Winchester,Elementary,A,A,B,B,A,A ,A ,A ,B ,A,Queens26,P.S. 031 Bayside,Elementary,A,B,B,A,A,B ,B ,B ,C ,A,Queens26,P.S. 162 John Golden,Elementary,B,A,B,B,A,B ,A ,B ,B ,B,Queens26,P.S. 159,Elementary,A,A,A,A,A,A ,A ,A ,B ,A,Queens27,P.S. 047 Chris Galas,K-8,A,A,B,A,B,B ,A ,B ,C ,A,Queens27,P.S. 254,Elementary,A,A,A,A,A,A ,A ,A ,A ,A,Queens27,WATERSIDE CHILDREN'S STUDIO SCHOOL,K-3,,,,,,A ,A ,C ,A ,,Queens27,J.H.S. 226 Virgil I. Grissom,Middle,C,C,C,C,B,C ,B ,D ,D ,C,Queens27,P.S. 063 Old South,Elementary,A,B,B,B,A,B ,A ,B ,C ,A,Queens27,P.S. 056 Harry Eichler,Elementary,B,A,B,C,A,B ,B ,C ,C ,B,Queens27,P.S. 106,Elementary,B,D,C,B,A,A ,C ,A ,A ,B,Queens27,P.S. 183 Dr. Richard R. Green,K-8,B,A,C,B,A,A ,A ,C ,A ,B,Queens27,J.H.S. 210 Elizabeth Blackwell,Middle,C,D,C,C,A,C ,C ,C ,C ,C,Queens27,P.S. 123,Elementary,B,B,D,B,A,C ,C ,C ,B ,B,Queens27,P.S. 215 Lucretia Mott,Elementary,D,C,F,C,C,F ,D ,D ,F ,D,Queens27,Knowledge and Power Preparatory Academy VI,Middle,C,B,F,D,A,A ,A ,C ,A ,C,Queens27,P.S. 253,Elementary,C,B,D,C,A,D ,A ,D ,F ,C,Queens27,P.S. 207 Rockwood Park,K-8,A,B,B,B,A,C ,B ,C ,C ,A,Queens27,P.S. 100 Glen Morris,Elementary,B,C,C,B,A,B ,C ,B ,C ,B,Queens27,P.S. 146 Howard Beach,K-8,B,B,F,B,A,B ,B ,C ,B ,B,Queens27,M.S. 053 Brian Piccolo,Middle,C,D,D,B,A,F ,F ,F ,D ,C,Queens27,P.S. 105 The Bay School,K-8,C,C,F,F,A,C ,B ,D ,B ,C,Queens27,Channel View School for Research,High School,A,A,A,A,A,C ,A ,C ,F ,B,Queens27,P.S. 043,K-8,C,B,D,B,A,C ,C ,C ,C ,C,Queens27,M.S. 137 America's School of Heroes,Middle,B,D,C,B,A,B ,C ,C ,B ,B,Queens27,P.S. 65 - The Raymond York Elementary School,Elementary,C,B,C,C,A,B ,A ,C ,B ,C,Queens27,P.S. 045 Clarence Witherspoon,Elementary,B,C,C,A,A,B ,C ,C ,B ,B,Queens27,P.S. 096,Elementary,B,B,C,A,A,C ,B ,C ,C ,B,Queens27,P.S. 104 The Bays Water,Elementary,C,B,D,B,A,B ,A ,C ,B ,C,Queens27,P.S. 108 Captain Vincent G. Fowler,Elementary,A,A,C,A,A,A ,A ,B ,B ,A,Queens27,P.S. / M.S. 114 Belle Harbor,K-8,B,B,C,C,A,B ,B ,B ,B ,B,Queens27,VILLAGE ACADEMY,Middle,,,,,,B ,A ,C ,B ,,Queens27,P.S. 062 Chester Park,Elementary,C,B,D,C,A,A ,B ,B ,A ,C,Queens27,Scholars' Academy,High School,,,,,,A ,A ,A ,B ,A,Queens27,Goldie Maple Academy,K-8,C,A,B,D,A,A ,A ,B ,A ,C,Queens27,Channel View School for Research,Middle,B,A,C,A,A,C ,A ,C ,F ,B,Queens27,P.S. 064 Joseph P. Addabbo,Elementary,C,A,C,D,A,A ,A ,C ,A ,C,Queens27,P.S. 253,Elementary,C,B,D,C,A,A ,A ,B ,A ,A,Queens27,WATERSIDE SCHOOL FOR LEADERSHIP,Middle,,,,,,B ,A ,C ,B ,,Queens27,P.S. 124 Osmond A Church,K-8,C,A,C,C,A,B ,A ,C ,C ,C,Queens27,Scholars' Academy,Middle,A,B,A,A,A,A ,A ,A ,B ,A,Queens27,P.S. 066 Jacqueline Kennedy Onassis,Elementary,A,A,A,A,A,A ,A ,A ,A ,A,Queens27,P.S. 097 Forest Park,Elementary,A,B,B,A,A,B ,B ,B ,B ,A,Queens27,P.S. 197 The Ocean School,Elementary,A,C,C,A,A,C ,C ,D ,C ,A,Queens27,P.S. 232 Lindenwood,K-8,A,A,B,B,A,B ,A ,B ,B ,A,Queens27,P.S. 223 Lyndon B. Johnson,Elementary,B,C,C,B,A,D ,C ,D ,F ,B,Queens27,P.S. 060 Woodhaven,Elementary,A,B,B,A,A,A ,C ,A ,A ,A,Queens27,P.S. 225 Seaside,K-8,,,,,,,,,,,Queens27,J.H.S. 202 Robert H. Goddard,Middle,B,B,C,B,A,B ,C ,C ,C ,B,Queens27,P.S. 155,Elementary,C,B,D,C,A,B ,B ,C ,A ,C,Queens27,P.S. 090 Horace Mann,Elementary,B,B,C,A,A,B ,B ,B ,B ,B,Queens27,P.S. 042 R. Vernam,K-8,C,C,F,C,A,C ,F ,D ,C ,C,Queens28,P.S. 099 Kew Gardens,Elementary,A,B,B,A,A,A ,B ,B ,A ,A,Queens28,P.S. 175 The Lynn Gross Discovery School,Elementary,A,B,B,A,A,B ,B ,B ,C ,A,Queens28,P.S. 174 William Sidney Mount,Elementary,B,D,D,A,A,C ,C ,C ,C ,B,Queens28,P.S. 082 Hammond,Elementary,B,A,B,B,A,C ,B ,C ,D ,B,Queens28,P.S. 139 Rego Park,Elementary,C,B,C,C,A,B ,C ,B ,B ,C,Queens28,Catherine & Count Basie Middle School 72,Middle,C,C,C,B,B,C ,B ,C ,C ,C,Queens28,P.S. 196 Grand Central Parkway,Elementary,A,A,A,A,A,A ,A ,A ,A ,A,Queens28,P.S. 048 William Wordsworth,Elementary,C,D,F,C,A,D ,C ,D ,D ,C,Queens28,J.H.S. 217 Robert A. Van Wyck,Middle,B,C,C,B,B,A ,C ,C ,B ,B,Queens28,P.S. 055 Maure,Elementary,C,C,F,B,A,A ,C ,D ,A ,C,Queens28,J.H.S. 190 Russell Sage,Middle,C,D,B,C,B,B ,C ,B ,B ,C,Queens28,P.S. 050 Talfourd Lawn Elementary School,Elementary,B,F,C,B,A,B ,C ,C ,B ,B,Queens28,York Early College Academy,High School,,,,,,C ,B ,C ,C ,B,Queens28,P.S. 140 Edward K Ellington,Elementary,C,C,D,B,B,C ,C ,C ,C ,C,Queens28,P.S. 030 Queens,Elementary,D,C,F,C,B,,,,,D,Queens28,J.H.S. 157 Stephen A. Halsey,Middle,A,B,B,A,A,B ,B ,B ,B ,A,Queens28,J.H.S. 190 Russell Sage,High School,,,,,,B ,C ,B ,B ,C,Queens28,P.S. 117 J. Keld / Briarwood School,Elementary,B,B,C,B,A,C ,C ,C ,D ,B,Queens28,P.S. 080 Thurgood Marshall Magnet,Elementary,C,B,D,C,B,F ,B ,D ,F ,C,Queens28,P.S. 160 Walter Francis Bishop,Elementary,B,C,D,B,A,C ,D ,D ,C ,B,Queens28,J.H.S. 157 Stephen A. Halsey,High School,,,,,,B ,B ,B ,B ,A,Queens28,P.S. 206 The Horace Harding School,Elementary,C,F,D,B,A,B ,D ,C ,B ,C,Queens28,P.S. 121 Queens,Elementary,A,B,B,A,A,B ,B ,B ,B ,A,Queens28,Queens Gateway to Health Sciences Secondary School,Middle,B,C,B,B,B,C ,B ,B ,D ,B,Queens28,Queens Gateway to Health Sciences Secondary School,High School,B,D,A,A,A,C ,B ,B ,D ,B,Queens28,York Early College Academy,Middle,B,A,C,B,A,C ,B ,C ,C ,B,Queens28,P.S. 182 Samantha Smith,K-2,D,C,F,C,,C ,C ,D ,D ,D,Queens28,P.S. 101 School in the Gardens,Elementary,B,B,C,B,A,C ,B ,C ,D ,B,Queens28,J.H.S. 008 Richard S. Grossley,Middle,C,C,C,C,A,C ,C ,C ,C ,C,Queens28,P.S. 144 Col Jeromus Remsen,Elementary,B,B,C,A,A,A ,B ,C ,A ,B,Queens28,"Young Women's Leadership School, Queens",Middle,C,C,C,C,A,C ,C ,C ,D ,C,Queens28,P.S. 040 Samuel Huntington,Elementary,D,C,D,C,B,B ,A ,C ,B ,D,Queens28,P.S. 220 Edward Mandel,Elementary,A,B,D,A,A,C ,C ,D ,C ,A,Queens28,P.S. 054 Hillside,Elementary,C,B,D,C,B,C ,C ,D ,C ,C,Queens28,P.S. 161 Arthur Ashe School,Elementary,A,A,B,A,A,A ,A ,B ,B ,A,Queens28,Queens Collegiate: A College Board School,High School,,,,,,C ,B ,D ,C ,,Queens28,"Young Women's Leadership School, Queens",High School,,,,,,C ,C ,C ,D ,C,Queens28,P.S. Q086,Elementary,B,C,D,B,A,C ,C ,D ,B ,B,Queens29,P.S. 136 Roy Wilkins,Elementary,B,C,F,B,A,B ,D ,C ,A ,B,Queens29,P.S. 132 Ralph Bunche,Elementary,C,B,C,C,A,C ,B ,C ,B ,C,Queens29,Jean Nuzzi Intermediate School,Middle,C,C,C,B,B,C ,C ,C ,C ,C,Queens29,P.S. 176 Cambria Heights,Elementary,C,A,B,D,A,B ,A ,B ,B ,C,Queens29,P.S. 131 Abigail Adams,Elementary,B,A,B,C,B,A ,A ,B ,A ,B,Queens29,I.S. 059 Springfield Gardens,Middle,C,D,D,D,A,C ,F ,D ,C ,C,Queens29,The Bellaire School,Elementary,C,B,D,B,A,B ,B ,C ,B ,C,Queens29,P.S. 015 Jackie Robinson,Elementary,C,B,D,D,A,B ,B ,C ,B ,C,Queens29,P.S. 195 William Haberle,Elementary,D,A,D,F,B,A ,B ,C ,A ,D,Queens29,P.S. / I.S. 208,K-8,B,A,C,C,A,B ,A ,B ,B ,B,Queens29,I.S. 231 Magnetech 2000,Middle,D,B,D,D,C,,,,,D,Queens29,P.S. 035 Nathaniel Woodhull,Elementary,D,F,D,F,B,D ,F ,C ,C ,D,Queens29,P.S. 038 Rosedale,Elementary,B,A,D,B,B,C ,A ,D ,D ,B,Queens29,Cynthia Jenkins School,Elementary,C,C,F,F,A,B ,C ,D ,B ,C,Queens29,P.S. 036 Saint Albans School,Elementary,D,B,F,D,B,B ,C ,D ,B ,D,Queens29,P.S. 033 Edward M. Funk,Elementary,C,A,D,F,A,C ,A ,C ,F ,C,Queens29,P.S. 034 John Harvard,Elementary,B,A,B,B,A,A ,B ,A ,A ,B,Queens29,P.S. 095 Eastwood,Elementary,B,D,C,A,A,B ,B ,C ,B ,B,Queens29,PS/IS 268,K-8,B,B,C,B,A,D ,C ,C ,D ,B,Queens29,P.S. 138 Sunrise,K-8,C,F,D,C,A,C ,C ,D ,C ,C,Queens29,P.S. 251 Queens,K-3,C,B,C,B,,B ,C ,A ,B ,C,Queens29,P.S. 181 Brookfield,Elementary,C,D,F,F,A,D ,C ,F ,D ,C,Queens29,P.S. 118 Lorraine Hansberry,Elementary,C,F,D,F,A,C ,F ,D ,B ,C,Queens29,P.S. 156 Laurelton,K-8,C,D,F,C,B,C ,C ,D ,C ,C,Queens29,I.S. 238 Susan B Anthony,Middle,C,B,D,B,A,B ,B ,C ,B ,C,Queens29,The Gordon Parks School,K-8,C,A,C,D,A,C ,A ,C ,F ,C,Queens29,I.S. 192 The Linden,Middle,B,A,D,C,A,C ,A ,D ,C ,B,Queens29,PS/MS 147 Ronald McNair,K-8,D,C,F,D,B,C ,B ,D ,C ,D,Queens29,P.S./I.S. 295,K-8,B,A,B,B,A,A ,B ,B ,A ,B,Queens29,P.S. 134 Hollis,Elementary,B,B,D,A,A,C ,B ,D ,B ,B,Queens29,P.S. 052 Queens,Elementary,A,C,C,A,A,B ,B ,B ,B ,A,Queens29,PS/IS 116 William C. Hughley,K-8,C,C,F,D,A,C ,C ,D ,C ,C,Queens30,Academy for New Americans,Middle,A,A,F,A,A,A ,A ,F ,A ,A,Queens30,P.S. 150 Queens,Elementary,B,B,B,C,A,A ,B ,A ,A ,B,Queens30,P.S. 070 Queens,Elementary,C,C,C,C,A,B ,C ,C ,B ,C,Queens30,P.S. 151 Mary D. Carter,Elementary,C,D,D,B,A,D ,F ,D ,D ,C,Queens30,P.S. 092 Harry T. Stewart Sr.,Elementary,A,A,C,A,A,B ,A ,C ,C ,A,Queens30,P.S. 127 Aerospace Science Magne,K-8,B,D,C,B,A,B ,C ,C ,B ,B,Queens30,I.S. 141 The Steinway,Middle,A,A,B,A,A,A ,A ,B ,B ,A,Queens30,P.S. 148 Queens,Elementary,B,A,C,B,A,D ,B ,C ,F ,B,Queens30,P.S. 149 Christa Mcauliffe,Elementary,B,A,B,B,A,A ,A ,B ,B ,B,Queens30,Baccalaureate School for Global Education,Middle,B,B,A,B,B,B ,A ,A ,C ,B,Queens30,P.S. 076 William Hallet,Elementary,A,C,C,A,A,B ,C ,C ,B ,A,Queens30,P.S. 002 Alfred Zimberg,Elementary,A,B,C,A,B,B ,B ,C ,B ,A,Queens30,P.S. 212,Elementary,B,A,C,B,A,B ,B ,C ,A ,C,Queens30,P.S. 166 Henry Gradstein,Elementary,B,A,C,B,A,B ,B ,B ,B ,B,Queens30,I.S. 010 Horace Greeley,Middle,B,B,C,B,A,A ,A ,B ,A ,B,Queens30,P.S. 234,Elementary,A,A,B,A,A,C ,A ,B ,D ,A,Queens30,P.S. 078,Elementary,B,A,C,C,A,B ,A ,B ,B ,B,Queens30,P.S. 112 Dutch Kills,Elementary,B,C,D,B,A,C ,B ,D ,C ,B,Queens30,P.S. 122 Mamie Fay,K-8,A,B,A,A,A,A ,B ,A ,A ,A,Queens30,Baccalaureate School for Global Education,High School,A,C,A,A,A,B ,A ,A ,C ,B,Queens30,P.S. 171 Peter G. Van Alst,Elementary,C,B,D,D,A,B ,B ,C ,B ,C,Queens30,I.S. 227 Louis Armstrong,Middle,A,B,B,B,A,A ,B ,B ,B ,A,Queens30,P.S. 212,Elementary,B,A,C,B,A,A ,A ,B ,A ,B,Queens30,P.S. 084 Steinway,K-8,C,B,D,C,A,B ,B ,C ,A ,C,Queens30,I.S. 230,Middle,A,B,B,A,A,B ,B ,B ,C ,A,Queens30,I.S. 145 Joseph Pulitzer,Middle,B,A,C,B,A,B ,A ,C ,B ,B,Queens30,I.S. 204 Oliver W. Holmes,Middle,A,B,C,A,A,C ,B ,C ,C ,A,Queens30,P.S. 228 Early Childhood Magnet School of the Arts,K-2,A,A,A,A,,A ,A ,A ,B ,A,Queens30,P.S. 085 Judge Charles Vallone,Elementary,C,B,C,C,A,C ,B ,B ,C ,C,Queens30,P.S. 011 Kathryn Phelan,Elementary,B,B,C,B,A,A ,A ,B ,A ,B,Queens30,"Young Women's Leadership School, Astoria",Middle,A,A,B,A,A,B ,A ,B ,B ,A,Queens30,P.S. 069 Jackson Heights,Elementary,A,B,B,A,A,A ,A ,B ,B ,A,Queens30,"Young Women's Leadership School, Astoria",High School,,,,,,B ,A ,B ,B ,A,Queens30,P.S. 017 Henry David Thoreau,Elementary,C,B,F,D,A,A ,C ,C ,A ,C,Queens30,P.S. 111 Jacob Blackwell,K-8,C,B,F,F,A,C ,B ,D ,B ,C,Queens31,P.S. 11 Thomas Dongan School,Elementary,B,B,F,B,A,C ,B ,D ,C ,B,Staten Island31,P.S. 029 Bardwell,Elementary,C,A,C,D,A,B ,A ,C ,C ,C,Staten Island31,P.S. 042 Eltingville,Elementary,C,A,C,D,A,B ,A ,C ,B ,C,Staten Island31,P.S. 055 Henry M. Boehm,Elementary,C,D,F,F,B,C ,B ,C ,C ,C,Staten Island31,P.S. 004 Maurice Wollin,Elementary,C,C,F,D,A,C ,C ,D ,C ,C,Staten Island31,Space Shuttle Columbia School,Elementary,C,B,C,C,A,B ,B ,C ,C ,C,Staten Island31,P.S. 060 Alice Austen,Elementary,C,B,D,B,A,D ,B ,D ,F ,C,Staten Island31,I.S. R002 George L. Egbert,Middle,C,C,C,C,B,C ,C ,C ,C ,C,Staten Island31,The Michael J. Petrides School,K-8,C,B,F,F,B,C ,C ,D ,F ,C,Staten Island31,P.S. 041 New Dorp,Elementary,C,C,D,F,A,C ,D ,C ,C ,C,Staten Island31,Staten Island School of Civic Leadership,Middle,,,,,,A ,A ,A ,A ,,Staten Island31,P.S. 046 Albert V. Maniscalco,Elementary,D,A,D,F,B,B ,A ,C ,B ,D,Staten Island31,P.S. 032 The Gifford School,Elementary,B,C,D,B,B,B ,C ,C ,A ,B,Staten Island31,P.S. 6 Corporal Allan F. Kivlehan School,Elementary,C,B,D,C,A,C ,B ,C ,F ,C,Staten Island31,P.S. 031 William T. Davis,Elementary,B,B,D,B,A,B ,B ,D ,B ,B,Staten Island31,P.S. 21 Margaret Emery-Elm Park,Elementary,A,A,D,A,A,C ,A ,C ,C ,A,Staten Island31,The Michael J. Petrides School,High School,A,A,A,A,A,C ,C ,D ,F ,C,Staten Island31,P.S. 026 The Carteret School,Elementary,C,D,D,D,A,B ,B ,C ,B ,C,Staten Island31,I.S. 024 Myra S. Barnes,Middle,C,C,B,D,A,B ,C ,B ,C ,C,Staten Island31,P.S. 045 John Tyler,Elementary,C,D,F,F,A,B ,C ,C ,B ,C,Staten Island31,P.S. 8 Shirlee Solomon,Elementary,A,A,B,A,A,A ,A ,A ,A ,A,Staten Island31,I.S. 034 Tottenville,Middle,A,A,B,B,A,C ,A ,B ,D ,A,Staten Island31,P.S. 013 M. L. Lindemeyer,Elementary,C,B,C,C,A,B ,B ,B ,C ,C,Staten Island31,I.S. 027 Anning S. Prall,Middle,C,B,C,C,A,C ,B ,C ,C ,C,Staten Island31,I.S. 072 Rocco Laurie,Middle,B,B,B,B,A,B ,C ,B ,B ,B,Staten Island31,P.S. 020 Port Richmond,Elementary,C,A,D,F,A,C ,A ,C ,F ,C,Staten Island31,P.S. 003 The Margaret Gioiosa School,Elementary,C,C,F,B,B,C ,D ,C ,C ,C,Staten Island31,P.S. 018 John G. Whittier,Elementary,B,B,C,B,A,C ,C ,C ,C ,B,Staten Island31,P.S. 001 Tottenville,Elementary,B,A,C,B,A,B ,B ,B ,B ,B,Staten Island31,P.S. 005 Huguenot,Elementary,C,A,C,D,A,C ,A ,B ,D ,C,Staten Island31,P.S. 030 Westerleigh,Elementary,C,C,D,C,B,B ,C ,C ,B ,C,Staten Island31,P.S. 014 Cornelius Vanderbilt,Elementary,C,F,F,D,A,D ,C ,F ,D ,C,Staten Island31,I.S. 49 Berta A. Dreyfus,Middle,B,C,D,B,A,B ,C ,C ,B ,B,Staten Island31,Marsh Avenue School for Expeditionary Learning,Middle,B,A,B,B,,B ,A ,B ,C ,B,Staten Island31,P.S. 050 Frank Hankinson,Elementary,B,C,D,B,A,B ,B ,C ,B ,B,Staten Island31,I.S. 007 Elias Bernstein,Middle,B,B,B,B,A,B ,B ,B ,C ,B,Staten Island31,P.S. 036 J. C. Drumgoole,Elementary,C,C,F,C,B,B ,F ,C ,A ,C,Staten Island31,P.S. 023 Richmondtown,Elementary,B,B,C,C,A,A ,B ,B ,A ,B,Staten Island31,P.S. 016 John J. Driscoll,Elementary,C,C,F,B,A,C ,D ,D ,B ,C,Staten Island31,P.S. 044 Thomas C. Brown,Elementary,C,C,F,B,A,C ,C ,D ,B ,C,Staten Island31,P.S. 39 Francis J. Murphy Jr.,Elementary,C,B,D,F,A,C ,B ,C ,C ,C,Staten Island31,P.S. 048 William C. Wilcox,Elementary,B,A,A,C,A,B ,A ,B ,C ,B,Staten Island31,I.S. 075 Frank D. Paulo,Middle,B,B,C,C,B,B ,B ,B ,C ,B,Staten Island31,I.S. 051 Edwin Markham,Middle,B,C,C,B,B,B ,C ,C ,B ,B,Staten Island31,P.S. 054 Charles W. Leng,Elementary,C,A,C,F,B,D ,C ,C ,F ,C,Staten Island31,P.S. 038 George Cromwell,Elementary,B,C,C,B,A,C ,B ,B ,D ,B,Staten Island31,P.S. 022 Graniteville,Elementary,B,C,C,B,A,C ,C ,C ,B ,B,Staten Island31,P.S. 057 Hubert H. Humphrey,Elementary,A,C,D,A,A,C ,D ,D ,C ,A,Staten Island31,P.S. 019 The Curtis School,Elementary,B,B,C,B,A,A ,B ,B ,A ,B,Staten Island31,P.S. 053 Bay Terrace,Elementary,B,A,D,B,A,B ,A ,C ,B ,B,Staten Island31,P.S. 069 Daniel D. Tompkins,Elementary,C,A,F,C,A,C ,A ,D ,C ,C,Staten Island31,P.S. 052 John C. Thompson,Elementary,C,F,D,C,A,D ,C ,D ,D ,C,Staten Island31,I.S. 061 William A Morris,Middle,C,D,C,C,B,C ,C ,C ,C ,C,Staten Island31,P.S. 56 The Louis Desario School,Elementary,C,F,D,F,A,C ,D ,C ,F ,C,Staten Island31,P.S. 35 The Clove Valley School,Elementary,C,B,D,C,B,C ,B ,C ,C ,C,Staten Island32,P.S. 123 Suydam,Elementary,C,A,C,D,A,B ,A ,B ,B ,C,Brooklyn32,P.S. 045 Horace E. Greene,Elementary,A,B,C,A,A,B ,A ,C ,B ,A,Brooklyn32,P.S. 151 Lyndon B. Johnson,Elementary,C,A,D,C,A,D ,B ,C ,D ,C,Brooklyn32,P.S. 145 Andrew Jackson,Elementary,B,B,C,B,A,C ,B ,C ,B ,B,Brooklyn32,J.H.S. 162 The Willoughby,Middle,C,D,D,B,A,C ,C ,D ,C ,C,Brooklyn32,P.S. 376,Elementary,B,A,C,B,A,C ,A ,B ,F ,B,Brooklyn32,J.H.S. 296 The Halsey School,Middle,C,D,F,F,A,F ,F ,F ,F ,C,Brooklyn32,P.S. 086 The Irvington,Elementary,C,A,C,D,A,B ,A ,B ,C ,C,Brooklyn32,J.H.S. 383 Philippa Schuyler,Middle,C,D,F,C,B,B ,C ,C ,C ,C,Brooklyn32,P.S. /I.S. 384 Frances E. Carter,K-8,A,A,C,A,A,B ,A ,C ,C ,A,Brooklyn32,P.S. 106 Edward Everett Hale,Elementary,B,B,C,B,A,C ,B ,C ,D ,B,Brooklyn32,I.S. 347 School of Humanities,Middle,C,C,C,B,A,C ,B ,C ,C ,C,Brooklyn32,P.S. 075 Mayda Cortiella,Elementary,C,B,C,D,A,B ,B ,C ,C ,C,Brooklyn32,P.S. 274 Kosciusko,Elementary,A,B,C,A,A,C ,B ,C ,C ,A,Brooklyn32,All City Leadership Secondary School,High School,A,A,B,A,A,A ,A ,B ,A ,C,Brooklyn32,P.S. 116 Elizabeth L Farrell,Elementary,A,B,C,A,A,A ,B ,B ,A ,A,Brooklyn32,All City Leadership Secondary School,Middle,C,A,C,C,A,A ,A ,B ,A ,C,Brooklyn32,P.S. 377 Alejandrina B. De Gautier,K-8,B,C,C,B,A,F ,F ,F ,F ,B,Brooklyn32,"I.S. 349 Math, Science & Tech.",Middle,C,B,D,C,A,C ,C ,D ,C ,C,Brooklyn32,P.S. 299 Thomas Warren Field,Elementary,B,D,D,A,B,D ,C ,D ,D ,B,Brooklyn32,J.H.S. 291 Roland Hayes,Middle,C,C,D,C,B,C ,D ,D ,C ,C,Brooklyn75,P.S. X010,Elementary,A,A,C,A,,B ,A ,B ,B ,A,Special District 7575,South Richmond High School I.S./P.S. 25,Middle,B,A,F,B,,C ,B ,F ,C ,B,Special District 7575,P.S. 368,Middle,D,B,F,D,,B ,F ,D ,B ,D,Special District 7575,P.S. K140,K-8,D,F,D,D,,F ,F ,C ,D ,D,Special District 7575,P.S. 168,Elementary,D,C,F,D,,C ,A ,C ,C ,D,Special District 7575,P.S. Q224,Elementary,B,A,C,C,,B ,A ,B ,B ,B,Special District 7575,P.S. X017,Middle,A,B,D,A,,A ,A ,B ,A ,A,Special District 7575,The Vida Bogart School for All Children,Elementary,B,F,C,A,,C ,F ,C ,C ,B,Special District 7575,P.S. 36,Middle,C,F,C,D,,A ,A ,C ,A ,C,Special District 7575,P.S. Q256,Middle,A,B,B,B,,A ,A ,B ,A ,A,Special District 7575,Robert E. Peary School,K-8,C,C,F,C,,A ,A ,C ,B ,C,Special District 7575,P.S. X188,Middle,C,A,F,D,,D ,C ,C ,D ,C,Special District 7575,P.S. 372 -The Children's School,Elementary,A,A,A,A,,A ,A ,A ,A ,A,Special District 7575,P.S. 009,K-8,B,D,D,B,,A ,C ,D ,B ,B,Special District 7575,P.S. K141,Middle,B,F,F,B,,C ,F ,C ,C ,B,Special District 7575,P.S. R373,Elementary,B,A,D,B,,A ,C ,C ,B ,B,Special District 7575,P.S. K231,Elementary,C,A,F,C,,B ,B ,B ,C ,C,Special District 7575,P186X Walter J. Damrosch School,K-8,F,D,F,F,,C ,A ,C ,F ,F,Special District 7575,P.S. K369 - Coy L. Cox School,K-8,B,C,F,B,,B ,A ,C ,C ,B,Special District 7575,P.S. K771,K-8,A,A,B,B,,B ,A ,B ,C ,A,Special District 7575,P.S. M094,Elementary,C,D,D,B,,D ,A ,F ,F ,C,Special District 7575,P.S. M169 - Robert F. Kennedy,Middle,D,F,F,C,,B ,D ,F ,A ,D,Special District 7575,P.S. M811 - Mickey Mantle School,Elementary,F,D,F,F,,C ,D ,C ,D ,F,Special District 7575,P.S. Q004,Elementary,A,B,C,B,,A ,A ,B ,B ,A,Special District 7575,P.S. K053,Middle,B,A,B,C,,A ,A ,B ,A ,B,Special District 7575,P.S. Q023 @ Queens Children Center,K-8,B,B,D,C,,B ,B ,C ,C ,B,Special District 7584,New Heights Academy Charter School,Middle,C,A,D,D,A,B ,B ,C ,B ,C,Special District 8484,The Equity Project Charter School (TEP),Middle,,,,,,B ,A ,C ,B ,,Special District 8484,Harlem Link Charter School,Elementary,D,B,C,F,F,C ,C ,C ,C ,D,Special District 8484,John W. Lavelle Preparatory Charter School,Middle,,,,,,A ,A ,B ,B ,,Special District 8484,Harriet Tubman Charter School,K-8,C,B,F,B,C,C ,A ,D ,C ,C,Special District 8484,Community Roots Charter School,Elementary,F,A,D,F,,C ,A ,C ,F ,F,Special District 8484,Family Life Academy Charter School,Elementary,B,A,C,C,A,B ,A ,C ,C ,B,Special District 8484,Community Partnership Charter,Elementary,B,A,B,C,A,B ,C ,B ,B ,B,Special District 8484,Brooklyn Scholars Charter School,Elementary,,,,,,B ,A ,C ,C ,,Special District 8484,Merrick Academy Charter School,Elementary,C,D,C,F,A,F ,D ,C ,F ,C,Special District 8484,Amber Charter School,Elementary,C,B,B,C,A,B ,B ,B ,A ,C,Special District 8484,St. HOPE Leadership Academy Charter School,Middle,B,B,C,B,,C ,B ,C ,D ,B,Special District 8484,Brooklyn Prospect Charter School,Middle,,,,,,A ,A ,B ,B ,,Special District 8484,Brownsville Collegiate Charter School,Middle,,,,,,A ,A ,B ,B ,,Special District 8484,New Heights Academy Charter School,High School,A,A,A,B,,B ,B ,C ,B ,C,Special District 8484,The Bronx Lighthouse Charter School,K-8,B,A,C,B,A,D ,A ,C ,F ,B,Special District 8484,Achievement First East New York School,Elementary,C,A,B,F,A,A ,A ,B ,B ,C,Special District 8484,Harlem Success Academy 1 Charter School,Elementary,A,A,A,B,,A ,A ,A ,A ,A,Special District 8484,Bronx Prep Charter School,High School,C,A,B,D,B,C ,A ,C ,D ,C,Special District 8484,Excellence Charter School of Bedford Stuyvesant,Elementary,C,A,A,D,A,A ,A ,A ,B ,C,Special District 8484,Brooklyn Excelsior Charter,K-8,A,A,A,A,A,B ,B ,A ,C ,A,Special District 8484,Bronx Charter School for Arts,Elementary,B,B,C,B,A,D ,B ,C ,F ,B,Special District 8484,Brooklyn Ascend Charter School,K-3,B,A,B,B,,C ,B ,C ,C ,B,Special District 8484,Achievement First Bushwick Charter School,K-8,B,A,C,C,A,A ,A ,B ,A ,B,Special District 8484,Girls Preparatory Charter School of New York,Elementary,C,A,B,F,A,C ,C ,B ,D ,C,Special District 8484,Harlem Village Academy Charter School,High School,,,,,,A ,A ,A ,A ,B,Special District 8484,Achievement First- Crown Heights Charter School,K-8,C,A,B,C,A,A ,A ,B ,A ,C,Special District 8484,Williamsburg Collegiate Charter School,High School,,,,,,A ,A ,A ,A ,A,Special District 8484,Williamsburg Collegiate Charter School,Middle,A,A,A,A,A,A ,A ,A ,A ,A,Special District 8484,Bronx Prep Charter School,Middle,C,A,F,C,A,C ,A ,C ,D ,C,Special District 8484,Ross Global Academy Charter School,K-8,C,F,F,F,A,,,,,C,Special District 8484,The Opportunity Charter School,High School,,,,,,B ,C ,D ,B ,C,Special District 8484,Bronx Charter School for Excellence,Elementary,A,A,A,A,A,A ,A ,A ,A ,A,Special District 8484,Bronx Charter School for Children,Elementary,C,A,D,F,A,D ,B ,C ,F ,C,Special District 8484,Future Leaders Institute Charter School,K-8,D,B,D,F,B,F ,C ,F ,F ,D,Special District 8484,Fahari Academy Charter School,Middle,,,,,,D ,B ,D ,F ,,Special District 8484,The Equality Charter School,Middle,,,,,,C ,A ,C ,C ,,Special District 8484,Hyde Leadership Charter School,High School,,,,,,B ,A ,C ,C ,C,Special District 8484,Harlem Children's Zone/Promise Academy II,Elementary,C,A,A,F,B,B ,B ,A ,B ,C,Special District 8484,Bedford Stuyvesant Collegiate Charter School,Middle,A,A,B,A,,A ,A ,B ,B ,A,Special District 8484,Achievement First- Crown Heights Charter School,High School,,,,,,A ,A ,B ,A ,C,Special District 8484,South Bronx Classical Charter School,Elementary,D,B,B,F,,A ,A ,A ,A ,D,Special District 8484,The Uft Charter School,High School,,,,,,C ,C ,D ,D ,D,Special District 8484,Harlem Day Charter School,Elementary,C,B,F,F,A,D ,C ,D ,F ,C,Special District 8484,Bronx Academy of Promise Charter School,K-3,B,A,B,A,,F ,A ,D ,F ,B,Special District 8484,Kings Collegiate Charter School,Middle,A,A,B,A,A,B ,A ,B ,C ,A,Special District 8484,Our World Neighborhood Charter,K-8,C,A,D,D,A,B ,B ,C ,B ,C,Special District 8484,Bronx Charter School for Better Learning,Elementary,C,A,D,C,D,C ,A ,B ,D ,C,Special District 8484,Coney Island Preparatory Public Charter School,Middle,,,,,,A ,A ,A ,A ,,Special District 8484,"Renaissance Charter School, The",High School,B,A,B,B,A,C ,B ,C ,C ,B,Special District 8484,Harlem Village Academy Charter School,Middle,B,A,C,C,A,A ,A ,A ,A ,B,Special District 8484,Hyde Leadership Charter School,K-8,C,A,C,D,A,B ,A ,C ,C ,C,Special District 8484,Brooklyn Charter School,Elementary,D,A,D,D,C,A ,A ,C ,A ,D,Special District 8484,Summit Academy Charter School,Middle,,,,,,C ,A ,C ,C ,,Special District 8484,Explore Charter School,K-8,B,A,C,B,A,C ,A ,C ,D ,B,Special District 8484,Grand Concourse Charter School,Elementary,B,A,B,C,A,B ,A ,A ,B ,B,Special District 8484,The Opportunity Charter School,Middle,C,B,F,C,A,B ,C ,D ,B ,C,Special District 8484,Harbor Sciences and Arts Charter School,K-8,C,A,C,D,A,B ,A ,B ,C ,C,Special District 8484,Achievement First Endeavor Charter School,Middle,C,B,C,C,A,A ,A ,B ,A ,C,Special District 8484,Peninsula Preparatory Academy Charter School,Elementary,C,B,D,B,C,C ,B ,C ,C ,C,Special District 8484,"Renaissance Charter School, The",K-8,B,A,C,B,A,C ,B ,C ,C ,B,Special District 8484,Beginning With Children Charter School,K-8,C,B,D,C,B,C ,A ,C ,C ,C,Special District 8484,Hellenic Classical Charter School,K-8,C,A,D,F,A,B ,A ,B ,C ,C,Special District 8484,Manhattan Charter School,Elementary,B,A,B,B,,A ,B ,A ,B ,B,Special District 84